consignee,town,address,phone,secondary_phone,email,website,cf_connect,,,
Food For The Poor,Delmas,"Rue Barbancourt, Ruelle Jeudi, Route de l'Aeroport",+509 29 44 1202,+509 29 44 1201,contact@foodforthepoorhaiti.org,www.foodforthepoor.org,0,,15,n/a
Chatelain Cargo Services S.A.,Tabarre,"42, Route de l'Aeroport, Maïs Gate",+509 22 50 1650,+509 37 01 8343,pvc@chatelaincargo.com,www.chatelaincargo.com,0,,15,n/a
Isha Foods Co,Port-au-Prince,"83, Rue Capois",+509 28 13 0410,+509 28 13 0411,sales@ishafoods.com,n/a,1,,15,n/a
The Willbes Haitian S.A.,Delmas,"Route de l'Aeroport, Parc Industriel Sonapi, Bldg. 42",+509 48 10 1627,n/a,hcyang@willbes.com,n/a,0,,3,n/a
Minaya Spices,Port-au-Prince,"Route Nationale # 1, en face de Shodecosa, Bldg. HASCO",+509 28 16 0990,+509 28 16 0991,marcel@minayaspice.com,n/a,1,,15,n/a
Carimpex,Delmas,"19, Delmas 1 A",+509 34 01 9589,+509 34 64 4835,shipping@carimpex-ht.com,n/a,0,,15,n/a
Union Express Cargo Services,Port-au-Prince,"2, Angle Rue Pavee et Ave Marie-Jeanne, Bicentenaire",+509 34 57 8687,+509 33 48 8687,u_e_c_s21@yahoo.fr,n/a,0,,15,n/a
Antonio Handal & Co,Port-au-Prince,272 Lalue,+509 28 16 1272,n/a,edc.admin@grupohandal.com,n/a,1,,3,n/a
Tasha Foods,Delmas,"Rue Xaragua, Delmas 31",+509 46 29 4153,n/a,n/a,n/a,0,,3,n/a
Pb Customs Services,Port-au-Prince,"5, Ave Marie-Jeanne, Bicentenaire",+509 37 76 2272,+509 34 83 0303,bpcustomservice@yahoo.fr,n/a,0,,15,n/a
Cuirs Hawtan S.A.,Carrefour,"1267, Route des Rails, Mariani",+509 34 61 4105,+509 44 43 9243,dangallagher@hawtanleathers.com,www.hawtanleathers.com,0,,15,n/a
Partners In Health / Zanmi Lasante,Petion-Ville,"11, Rue Oge, (Platinum Plaza)",+509 48 31 1609,n/a,seneq.pierre@pih.org,n/a,0,,3,n/a
Access Haiti,Port-de-Paix,"99, Rue Notre-Dame (local Universite Valparaiso)",+509 28 13 1234,n/a,n/a,www.accesshaiti.com,0,,3,n/a
Access Medical Supplies & Equipments,Petion-Ville,"393, Autoroute de Delmas, Delmas 89",+509 36 54 6991,n/a,accessmedicalsupplies@gmail.com,n/a,0,,3,n/a
Acierie D Haïti S.A. (A Gb Group Company),Port-au-Prince,"Route Nationale # 1, Chancerelles",+509 28 14 0000,n/a,salesadh@gbgroup.com,www.acieriedhaiti.com,0,,3,n/a
Ack Wholesale S.A.,Tabarre,"7, Rue Roumain, Rue E. Pierre, Blvd 15 Octobre",+509 29 42 6518,+509 29 42 6519,melissanoailles@yahoo.fr,n/a,0,,15,n/a
Acra Distribution,Tabarre,"2, Route Pompe, Tabarre 27",+509 34 57 2103,+509 28 10 2272,mgt@acradistribution.com,www.acradistribution.com,0,,15,n/a
Acra Entreprises,Delmas,"262, Autoroute de Delmas, Delmas 32, (Complexe Acra )",+509 40 36 7804,+509 42 04 4445,entreprisesacra22@hotmail.com,n/a,0,,15,n/a
Acra Petion-Ville,Petion-Ville,"133, Angle Rues Louverture et Geffrard",+509 28 13 0303,+509 28 11 6773,acrapetion_ville@yahoo.com,n/a,0,,15,n/a
Acra Tires,Port-au-Prince,Blvd La Saline,+509 22 27 2572,+509 28 17 2030,acratires@yahoo.fr,n/a,0,,15,n/a
Adeko Enterprises,Tabarre,"42, Route de l’Aeroport, Maïs-Gåte",+509 28 16 0880,+509 28 15 2815,info@adeko-ht.com,www.adeko-ht.com,0,,15,n/a
Agemar (Agences Maritimes Reunies S.A.),Port-au-Prince,"360, Blvd La Saline",+509 29 40 2193,+509 29 40 3450,agemar@agemar.com,n/a,1,,15,n/a
Les Agence Vallières,Delmas,"29, Rue Frères Simmonds, Cite Militaire",+509 28 13 0518,+509 29 41 0519,n/a,n/a,0,,15,n/a
Agro Alimentaire Sa,Port-au-Prince,Haiti,+509 37 28 7257,n/a,jmriviere@carisafood.com,n/a,1,,3,n/a
Antoine Kawas – Anka,Tabarre,"Bldg. 20, Blvd Toussaint Louverture prolonge, Carrefour Fleuriot (Airport Industrial Park)",+509 28 16 2000,+509 28 16 2001,info@anka.ht,www.anka.ht,0,,15,n/a
Apollo Motors S.A. – Deka Group,Delmas,"10, Rue Barbancourt, Route de l'Aeroport",+509 28 13 0003,+509 36 25 7286,auto@automax-ht.com,n/a,0,,15,n/a
Aqua Systems,Delmas,"Rue T. Guilbaud, Varreux, Route de l'Aeroport",+509 28 13 0597,+509 37 32 0296,rstephye@yahoo.fr,www.aquasystemshaiti.com,0,,15,n/a
Associated Food Distributors S.A. (Afd),Delmas,"3, Rue Justin Juste, Route de l'Aeroport",+509 28 15 1200,+509 28 13 0587,info@afdhaiti.com,www.afdhaiti.com,0,,15,n/a
Atlantic Doors & Windows Manufacturing S.A.,Delmas,"73, Blvd Toussaint Louverture, Route de l'Aeroport",+509 28 16 1605,+509 28 16 1606,info@atlantic-haiti.com,www.atlantic-haiti.com,0,,15,n/a
"Auto Plaza ""Showroom Yamaha""",Petion-Ville,"83, Rue Lambert",+509 28 17 1111,n/a,elaurent@autoplazahaiti.com,www.autoplazahaiti.com,0,,3,n/a
Automeca (Auto Et Mecanique S.A.),Petion-Ville,"51, Rue Clerveaux",+509 28 16 2544,n/a,info@automecaonline.com,www.automecaonline.com,0,,3,n/a
Banque De La Republique D Haïti (Brh),Cap-Haïtien,Rues 16-17 A-B,+509 22 62 0351,+509 22 62 0354,n/a,www.brh.net,0,,15,n/a
Besuco S.A.,Port-au-Prince,"293, Rue de l'Enterrement",+509 37 01 6262,+509 34 19 3774,info@besucosa.com,www.besucosa.com,0,,15,n/a
Bhp Industries S.A.,Port-au-Prince,"5, Rue Safran, Drouillard",+509 36 36 1580,+509 29 40 9833,info@bhpindustries.com,www.bhpindustries.com,0,,15,n/a
Biansaiah Electromenager,Delmas,"3, Delmas 60, local Graphic Plus",+509 28 13 5040,n/a,infobiansaiha@gmail.com,n/a,0,,3,n/a
Blanchisserie Du Soleil,Tabarre,"Angle Rue Tapage et Blvd 15 Octobre, Tabarre 43, Local Belmart",+509 37 22 0108,n/a,blanchisserie.soleil@gmail.com,n/a,0,,3,n/a
Entreprise Bmf,Port-au-Prince,"43, Rue des Casernes",+509 47 99 6717,+509 47 99 6719,entreprisebmf@gmail.com,n/a,0,,15,n/a
Boulangerie Caprices,Port-au-Prince,"1, Imp. Foyer Divin, Sarthes 38, Route Nationale # 1",+509 37 38 7000,+509 47 17 7000,info@capriceshaiti.com,n/a,0,,15,n/a
Brasserie De La Couronne S.A.,Port-au-Prince,"Route Nationale # 1, Sarthes",+509 28 13 0952,+509 28 13 0957,commandes@bracour.com,n/a,1,,15,n/a
Brana S.A. (Brasserie Nationale D Haïti S.A.),Delmas,"Blvd Toussaint Louverture, Route de l'Aeroport, zone Trois Mains",+509 28 13 0212,+509 28 13 0313,brana.info@heineken.com,www.branahaiti.com,0,,15,n/a
Cannex Sa,"Habitation Dumornay, Tabarre Haiti","Habitation Dumornay, Tabarre Haiti",+509 37 01 2810,n/a,mcuvilly@cannex.ht,n/a,1,,3,n/a
Culligan (Caribbean Bottling Company S.A.),Croix-des-Bouquets,"2, Rue Culligan, Santo 17",+509 28 16 1701,+509 28 16 1702,info@culligan.ht,www.culligan.ht,0,,15,n/a
Laboratoires Pharmaceutiques 4C,Delmas,"470, Angle Autoroute de Delmas et Delmas 48",+509 28 11 0518,+509 36 14 2138,cchti@yahoo.com,www.laboratoires4c.com,1,,15,n/a
Caribbean Grain Company S.A. (Riz Mega),Port-au-Prince,"151, 6e etage, Imm. Digicel, Ave Jean-Paul II, Turgeau",+509 36 50 3500,+509 37 01 7830,info@caribbeangrain.com,www.caribbeangrain.com,1,,15,n/a
Caribbean Island Apparel,Port-au-Prince,"Bldg. 14, Parc Industriel Shodecosa, Chancerelles, Route Nationale # 1",+509 28 13 1721,+509 28 13 1722,ansaldi@island-apparel.com,n/a,0,,15,n/a
Caribbean Standard Glass S.A.,Delmas,"73, Blvd Toussaint Louverture, Route de l'Aeroport",+509 28 16 1605,+509 28 16 1606,info@csghaiti.com,www.csghaiti.com,0,,15,n/a
Caribbean Supermarket S.A.,Petion-Ville,"51, Rue Metellus",+509 31 13 3333,+509 31 11 3333,info@caribbeansupermarketsa.com,www.caribbeansupermarketsa.com,0,,15,n/a
Caribe Motors,Delmas,"33, Blvd Toussaint Louverture, Route de l'Aeroport",+509 29 40 3001,+509 29 40 3002,phjbastien@caribe-motors.com,www.caribe-motors.com,0,,15,n/a
Carribex,Delmas,"10, Autoroute de Delmas",+509 37 55 1035,+509 28 16 0666,internalcontrol@fpbgrouphaiti.com,n/a,1,,15,n/a
Cassis Frères S.A.,Port-au-Prince,"Parc Yonie, Cazeau, Bldg. 3",+509 29 43 2736,+509 39 96 0108,admin@cassisfreres.com,n/a,1,,15,n/a
Cemex Haiti (Terminal Varreux),Cite-Soleil,"Route Neuf, Chancerelles (local Terminal Varreux)",+509 29 18 5048,+509 29 40 9930,commercialhaiti@cemex.com,www.cemex.com,1,,15,n/a
Centroplus Sa,Port-au-Prince,Haiti,+509 37 35 8171,n/a,jmercredy@yahoo.com,n/a,1,,3,n/a
Cap Ceramic Expo Center,Cap-Haïtien,"32, Barrière Bouteille, Route Nationale # 1",+509 38 98 2020,+509 38 92 6200,sergioval@yahoo.fr,n/a,0,,15,n/a
Charles Fequière S.A.,Delmas,"4, Route Dumez, Angle Ave. Maïs-Gâte et Blvd T. Louverture",+509 28 13 3549,+509 29 43 4495,fequiere@hughes.net,www.charlesfequiere.com,1,,15,n/a
Chatodo,Port-au-Prince,"254, Ave. John Brown, Lalue, zone Ruelle Vaillant",+509 38 38 5004,n/a,info@chatodohaiti.com,www.chatodohaiti.com,0,,3,n/a
China National Industrial & Manufacturing Co,Hong Kong,Hong Kong,+509 25 23 1173,n/a,cdratnani@gmail.com,n/a,1,,3,n/a
Christian Aid (Ca),Petion-Ville,"125 A, Juvenat 5",+509 28 13 1999,+509 29 49 1999,praymond@christian-aid.org,www.christianaid.org.uk,0,,15,n/a
Cimenterie Nationale S.E.M. (Cina),Cabaret,"Route Nationale # 1, km 24, Fonds-Mombin",+509 29 18 5072,+509 29 18 5073,ventes@cina-haiti.com,www.cina.com.ht,0,,15,n/a
Citadelle-Kolos United S.A. (A Gb Group Company),Port-au-Prince,"Port Lafiteau, Route Nationale #1, Lafiteau",+509 28 16 1010,n/a,info@ht.colacem.com,www.gbgroup.com,1,,3,n/a
Cleveland Manufacturing S.A.,Delmas,"26, Angle Rue Jean-Gilles et Blvd. Toussaint Louverture",+509 38 68 5930,+509 28 11 4101,clifford@agacorp.com,n/a,0,,15,n/a
Cloxa Import Export Sa,"Airport Industrial Park, 42 blvd Toussaint Louvert","airport industrial park, 42 blvd toussaint louvert",+509 38 28 0505,n/a,micloind@aol.com,n/a,1,,3,n/a
Codigel,Tabarre,"Blvd Toussaint Louverture prolonge, Carrefour Fleuriot (Airport Industrial Park)",+509 28 11 7004,+509 28 11 7010,admin@codigelhaiti.com,n/a,1,,15,n/a
Compagnie Haïtienne De Moteurs S.A. (Chdm),Delmas,"20, Angle Rue Barbancourt et Toussaint Louverture",+509 28 13 1941,+509 28 16 0550,info@chdmhaiti.com,n/a,0,,15,n/a
Compagnie Haïtienne De Production Agricole S.A. (Chpa),Delmas,"10, Autoroute de Delmas",+509 28 15 9069,+509 37 55 1035,info@chpahaiti.com,n/a,0,,15,n/a
Compagnie Des Tabacs Comme Il Faut,Tabarre,Carrefour Clercine,+509 29 40 8047,+509 29 40 8048,welcome@commeilfaut.com,www.commeilfaut.com,0,,15,n/a
Cordon Bleu,Delmas,"2, Rue Tertulien G., Route de l'Aeroport",+509 29 42 0505,+509 34 50 0505,bradford@cordonbleu-haiti.com,n/a,0,,15,n/a
Cristo S.A. - Deka Group,Delmas,"10, Rue Barbancourt, Route de l'Aeroport",+509 28 13 0002,+509 28 13 0004,ejd@deka-ht.com,n/a,0,,15,n/a
Cynthia Cosmetic Distribution,Delmas,"10, Rue elie Dubois, Delmas 31",+509 28 13 9089,+509 28 11 1639,cynthia@cynthiacosmetic.com,n/a,0,,15,n/a
Darbouco S.A.,Petion-Ville,"13, Angle Rues Aubran et Gabart",+509 29 40 8054,+509 37 29 2598,darboucosa@yahoo.fr,n/a,0,,15,n/a
Deka Tires S.A. - Deka Group,Delmas,"10, Rue Barbancourt, Route de l'Aeroport",+509 28 13 1890,+509 28 13 1891,logistics@deka-ht.com,n/a,1,,15,n/a
Delimart,Carrefour,"Diquini 63, Route de Carrefour",+509 28 13 1517,n/a,sebastienboulos@gmail.com,n/a,1,,3,n/a
Denise B. Larco & Co.,Port-au-Prince,"580, Blvd. Jean Jacques Dessalines",+509 22 30 8124,n/a,n/a,n/a,0,,3,n/a
Disprophar S.A.,Delmas,Angle Autoroute de Delmas et Delmas 4,+509 38 06 7887,+509 38 06 7889,malherba@usa.net,www.disprophar.com,0,,15,n/a
Dinasa (Distributeurs Nationaux S.A.),Delmas,"2, Rue Jean-Gilles, Blvd Toussaint Louverture",+509 31 53 5701,+509 28 14 9001,salaclientele@dinasa.ht,www.dinasa.ht,0,,15,n/a
Dms Entreprise S.A.,Delmas,"Bldg. 51, Parc Industriel Sonapi, Route de l'Aeroport",+509 37 01 4747,+509 37 23 1200,info@dmshaiti.com,n/a,0,,15,n/a
Diesel National Company S.A. Dnc,Port-au-Prince,"116, Martissan 27, Riviera Plaza",+509 28 17 1977,+509 22 26 0719,dnchaiti@gmail.com,n/a,0,,15,n/a
Duty Free Americas (Dfa),Tabarre,Aeroport International Toussaint Louverture,+509 37 96 9916,+509 37 97 5202,dstines@uetainc.com,n/a,0,,15,n/a
Economic Construction Maritime (Eccomar S.A.),Cite-Soleil,"45, Sarthe 57, Route Nationale # 1",+509 28 16 0954,n/a,contact@eccomarhaiti.com,www.eccomarhaiti.com,0,,3,n/a
Ecem S.A. (Entreprise De Construction Electromecanique S.A.),Port-au-Prince,"Imp. Larco, Route Nationale # 1, Sarthe",+509 29 15 1616,+509 29 16 1515,info@ecemsa.net,n/a,0,,15,n/a
Economic Tires,Delmas,"245, Angle Delmas 37 et Autoroute de Delmas",+509 37 02 7762,+509 37 73 1030,economictires@yahoo.fr,n/a,0,,15,n/a
Ed.An Distribution,Port-au-Prince,"21, Imp. Foyer Divin, Sarthe, Route Nationale # 1",+509 28 13 1034,+509 28 13 1035,handalfils33@aol.com,n/a,0,,15,n/a
Eko Depôt,Petion-Ville,"4, Rue Pinchinat",+509 28 16 1459,+509 28 16 1460,info@ekodepot.com,n/a,0,,15,n/a
Electricite D Haïti (Edh),Camp-Perrin,Bas Camp,+509 28 13 1755,n/a,n/a,n/a,0,,3,n/a
Casami,Port-au-Prince,"324, Blvd. Jean Jacques Dessalines",+509 29 47 1717,+509 29 46 1515,secretariat@casamihaiti.com,n/a,1,,15,n/a
Les Entreprises Maritimes Et Commerciales Lionel S. D Adesky S.A. (Enmarcolda S.A.),Port-au-Prince,"3, Bas Autoroute de Delmas (après Carrefour Aviation)",+509 28 12 3434,+509 28 13 3434,enmarcolda@dadesky.com,www.enmarcolda.com,1,,15,n/a
Entreprise Publique De Promotion De Logements Sociaux (Eppls),Jeremie,"Ave emile Roumer, Complexe Administratifs Bordes",+509 37 26 0752,+509 36 26 3055,n/a,n/a,0,,15,n/a
Esg Group,Port-au-Prince,Haiti,+509 38 42 5583,n/a,stephan.n@vistle.com,n/a,1,,3,n/a
Ets Jb Vital Sa,Port-au-Prince,HAITI,+509 37 01 2640,n/a,jjeanniton@etsjbvitalsa.com,n/a,1,,3,n/a
Euroceram Plus S.A.,Petion-Ville,"Rue Panamericaine, à l'entree de Nerette, Complexe Evergreen",+509 33 24 2575,+509 28 13 0155,euroceramplus@euroceramplus.com,www.euroceramplus.com,1,,15,n/a
Florida Consolidators Haiti S.A. (Flocohsa),Tabarre,"18, Clercine 18, (Bldg FLOCOHSA)",+509 29 43 0158,+509 28 11 0197,tarimex@live.com,www.flocohsa.com,0,,15,n/a
Galerie 128 S.A.,Petion-Ville,"Angle Rues Lambert et St-Surin, Complexe Ste-Therèse, Juvenat",+509 22 26 5689,+509 28 18 6363,info@galerie128.com,www.galerie128.com,0,,15,n/a
Gaz Industriels Associes S.A. (Gia),Delmas,"4, Rue Solidarite, Route de l'Aeroport (en face Haytrac)",+509 28 13 1763,+509 37 16 1763,giasa2002@yahoo.com,n/a,0,,15,n/a
Giant Supermarket,Tabarre,"10, Plaza 22, Boulevard 15 Octobre",+509 29 47 4444,+509 29 47 4445,info@gianthaiti.com,www.gianthaiti.com,0,,15,n/a
Gk Import Export,Port-au-Prince,"Bldg. A5, Parc Industriel Shodecosa, Chancerelles, Route Nationale #1",+509 29 41 0232,n/a,gk22@hughes.net,n/a,0,,3,n/a
Global Home And Office Smart S.A.,Port-au-Prince,"10, Ave Lamartinière, Bois-Verna",+509 28 13 1016,+509 28 12 1016,servclientbv@globalhomeandoffice.com,n/a,0,,15,n/a
Grâce Trading,Port-au-Prince,"28, Rue de La Reunion",+509 29 41 7441,+509 22 41 7441,info@gracetrading.biz,n/a,0,,15,n/a
Groupe Sehsa,Port-au-Prince,"21, Imp. Foyer Divin, Sarthe, Route Nationale # 1",+509 28 13 1034,+509 28 13 1035,handalfils@aol.com,n/a,0,,15,n/a
Haiti Broilers (Hi-Pro),Cabaret,"Route Natinale # 1, Lafito",+509 28 14 4700,+509 28 13 2523,jbijou@jabgl.com,n/a,0,,15,n/a
Haiti Food Supply S.A.,Delmas,"5, Ruelle Jeudy, Route de l'Aeroport",+509 28 13 0797,+509 28 13 0786,n/a,n/a,0,,15,n/a
H2O Haïti Hydraulique Organisation S.A.,Delmas,"Angle Rues Colza et Tertulien Guilbaud, Route de l Aeroport",+509 29 43 2020,+509 34 10 9446,contact@h2ohaiti.com,www.h2ohaiti.com,0,,15,n/a
Haiti International Forwarding (Hif),Tabarre,"Cazeau, Route Nationale #1, en face Usine à glace Pingouin",+509 28 13 1401,+509 37 01 1414,doc@hif.com.ht,n/a,1,,15,n/a
Haiti Recycling,Croix-des-Bouquets,"Lathan, Bon-Repos (Imm. GS Industries)",+509 28 13 1259,+509 28 13 1260,stanleysajous@gmail.com,www.haitirecycling.com,0,,15,n/a
Harvest International Inc.,Cayes,"12, Cite Lumière",+509 37 13 8431,n/a,harvestinhaiti@yahoo.com,n/a,0,,3,n/a
Haytrac (Haytian Tractor & Equipment Co. S.A.),Cap-Haïtien,Bonay Dugal,+509 28 14 8090,n/a,haytrac@haytrac.com,www.haytrac.com,0,,3,n/a
Hinoto S.A.,Delmas,"25, Autoroute de Delmas",+509 29 98 4000,+509 29 98 4001,info@hinoto.com,www.hinoto.com,0,,15,n/a
Hospital & Medical Supplies S.A.,Port-au-Prince,"26, Rue Bois-Patate, Canape-Vert",+509 28 13 1358,+509 28 11 8989,customerrelations@hms.ht,www.hms.ht,0,,15,n/a
Huileries Haïtiennes S.A. (Huhsa),Port-au-Prince,Blvd. Toussaint Louverture,+509 28 15 0000,+509 28 14 0000,huhsadir@gbgroup.net,www.huilerieshaitiennes.com,1,,15,n/a
Hygie Sa,Port-au-Prince,"9 rue tertulien guilbaud, Varreux",+509 42 32 4232,n/a,Amin@hhygie.com,n/a,1,,3,n/a
Industrial Dynamics,Delmas,"2, Rue T. Guilbaud, Blvd. Toussaint Louverture, (à côte de Berhman Motors)",+509 28 13 1978,+509 37 02 2424,Industrialdynamicshaiti@gmail.com,n/a,0,,15,n/a
Innovations S.A.,Petion-Ville,"101, Rue Lambert",+509 36 70 2674,n/a,info@innovationssa.com,www.innovationssa.com,0,,3,n/a
Integral Distributors,Delmas,"114, Delmas 27, Autoroute de Delmas",+509 48 35 1113,n/a,n/a,n/a,0,,3,n/a
International Cargo Perjuste Customs Services,Port-au-Prince,"2, Ave Marie-Jeanne, Bicentenaire",+509 37 42 4724,+509 34 55 8928,intcargo2008@yahoo.com,n/a,0,,15,n/a
International Trading Group (Itg),Tabarre,"20, Ave. Maïs-Gâte, (local Avis)",+509 31 71 9862,+509 48 92 8887,forbinraina@yahoo.com,www.avis.com,0,,15,n/a
Internegoce,Petion-Ville,"25, Rue Metellus, Place Boyer",+509 29 40 8082,+509 37 34 9097,vente@internegoce.ht,www.internegoce.ht,1,,15,n/a
Invertech,Petion-Ville,"7, Rue Clerveaux",+509 36 15 5628,+509 34 41 4442,invertechhaiti@gmail.com,www.invertechhaiti.com,0,,15,n/a
Island Distribution S.A.,Delmas,"20, Delmas 29",+509 28 16 7575,+509 28 16 7676,info@islanddistributionsa.com,www.islanddistributionsa.com,1,,15,n/a
Island Power Supply,Tabarre,"Cazeau, Route Nationale # 1",+509 37 44 1519,n/a,ipshaiti509@gmail.com,n/a,0,,3,n/a
Karyna S.A.,Petion-Ville,"8, Puits Blain 7, Route de Frères",+509 28 13 0373,+509 28 16 0373,info@karynasa.com,www.karynasa.com,0,,15,n/a
Kay Claudy,Port-au-Prince,"52, Boulevard Jean-Jacques Dessalines, Pont Rouge",+509 29 43 0603,+509 29 43 8572,n/a,n/a,0,,15,n/a
Kay Dupuy,Delmas,"61, Autoroute de Delmas, (entre Delmas 12 et 14)",+509 29 47 5716,+509 28 16 1505,kaydupuy@gmail.com,n/a,0,,15,n/a
Kaychen,Port-au-Prince,"3, Imp. Larco, Route Nationale # 1, Sarthe",+509 36 50 9000,+509 36 51 9000,vicad4@yahoo.com,www.kaychen.net,1,,15,n/a
La Menagère S.A. - Deka Group,Delmas,"10, Rue Barbancourt, Route de l'Aeroport",+509 28 13 1890,+509 28 13 1891,n/a,n/a,0,,15,n/a
Laboratoires Farmatrix,Delmas,"Autoroute de Delmas, en face Delmas 10, Complexe Caribbean Contractor",+509 28 13 1916,+509 28 13 0503,farmatrixsa@labfarmatrix.com,www.labfarmatrix.com,0,,15,n/a
Le Flamengo Import Export S.A.,Port-au-Prince,"Rue L. Joseph, Imp. Flamengo, Route Nationale # 1, Drouilllard",+509 28 13 1348,+509 28 13 1349,sales@flamengo-import-export.com,www.flamengo-import-export.com,0,,15,n/a
Le Pelerin Home Decor,Port-au-Prince,"159, Ave Jean-Paul II, Turgeau",+509 28 13 1070,+509 37 06 0062,lepelerinhomedecor@yahoo.fr,n/a,0,,15,n/a
Lea Trading Haiti,Cap-Haïtien,"Entre Rue 5 A et Boulevard, à côte de DHL",+509 22 30 1494,n/a,contactleatrading@gmail.com,www.leatrading.net,0,,3,n/a
Tirezone   Lebrun S.A.,Delmas,Angle Autoroute de Delmas et Delmas 60,+509 28 19 1919,+509 46 02 4417,sales@lebrunsa.com,www.lebrunsa.com,1,,15,n/a
Les Aliments Congeles S.A. (Lacosa),Tabarre,"Angle Route de Damien et Route Nationale #1, Croix-des-Missions",+509 34 56 8282,+1 305 407 1389,lacosahaiti@lacosa.info,n/a,0,,15,+1 305 407 1389
Les Cereales D Haïti S.A.,Carrefour,"14, Thor 14, Thor Le Volant, Route des Rails",+509 38 00 0202,+509 42 55 0202,info@lescerealesdhaiti.com,n/a,1,,15,n/a
Les Entreprises Casco,Port-au-Prince,"3, Imp. Larco, Route Nationale # 1, Sarthes",+509 37 14 5000,n/a,lesentreprisescasco@yahoo.com,www.kaychen.net,0,,3,n/a
Les Entreprises Abethel Parloir Funèbre,Kenscoff,"77, dos du Commissariat de Kenscoff",+509 33 10 9811,+509 34 65 9608,abethelparloirfunebre@yahoo.fr,n/a,0,,15,n/a
Les Entreprises Deschamps-Frisch Sa,Port-au-Prince,HAITI,+509 37 78 0765,n/a,wickyfrisch@gmail.com,n/a,1,,3,n/a
Les Entreprises Plastech Haïti S.A.,Port-au-Prince,"11 A, Rue Paul Moral, Cite Militaire",+509 28 13 1422,+509 28 13 1423,sales@plastechhaiti.com,www.plastechhaiti.com,0,,15,n/a
Les Moulins D Haïti,Cabaret,"Route Nationale # 1, Laffiteau",+509 28 13 0111,+509 28 13 0112,lmh@lmh-ht.com,www.lmh-ht.net,0,,15,n/a
Les Papiers D'Haïti S.A.,Tabarre,"Angle Rues OECC et Romain, Route de Tabarre, Blvd 15 Octobre",+509 37 61 6922,+509 37 01 9947,jaceddy@lespapiersdhaiti.com,n/a,0,,15,n/a
Ltd Construction S.A.,Delmas,"3 et 4, Rue Barbancourt, Blvd. Toussaint Louverture",+509 28 13 1540,+509 28 13 1541,info@ltdconstruction-haiti.com,www.ltdconstruction-haiti.com,0,,15,n/a
Magepa S.A.,Leogâne,"55, Grand Rue",+509 37 51 5531,n/a,info@magepa.com,www.magepa.com,0,,3,n/a
Matelec S.A.,Petion-Ville,"75, Rue Rebecca",+509 48 75 3087,+509 48 75 3103,matelec@matelechaiti.com,www.matelechaiti.com,0,,15,n/a
Mbi Haiti S.A.,Delmas,"Bldg 11,17,52,53 Parc Industriel Sonapi, Blvd Toussaint Louverture",+509 48 82 7488,n/a,n/a,n/a,0,,3,n/a
Medecins Sans Frontières Belgique,Petion-Ville,"Rue Dr Noel, Peguy-Ville",+509 36 26 4661,+509 31 70 2834,n/a,n/a,0,,15,n/a
Metallo Prefab Sa,"Airport Industrial Park, Fleuriot","Airport Industrial Park, Fleuriot",+509 38 99 0000,n/a,cyrille@codigelhaiti.com,n/a,1,,3,n/a
Mima S.A. / Bplt S.A. (Extrema),Port-au-Prince,"331, Ave. Magloire Ambroise, Carrefour-Feuilles",+509 29 49 8922,+509 28 10 9999,sales@mima-sa.com,www.mima-sa.com,1,,15,n/a
Mme Jacques Guilliod,Delmas,"1, Rue Serin, Delmas 71 (Complexe Lafayette)",+509 22 28 8140,n/a,jacquesguillod@yahoo.fr,n/a,0,,3,n/a
Mourra & Fils,Delmas,"14, Rue Justin Juste, Route de l'Aeroport",+509 22 27 0639,+509 38 01 8992,mourraetfils@yahoo.com,n/a,0,,15,n/a
Kay Mr Chacha,Tabarre,"3, Tabarre 41, Route Vorbes et Fils",+509 41 22 0487,+509 44 91 4141,kaymrchacha@gmail.com,n/a,1,,15,n/a
Msc Trading,Port-au-Prince,"Drouillard, Sarthe, Route Nationale # 1",+509 34 62 1111,+509 34 99 1616,msctrading_depot@yahoo.com,n/a,1,,15,n/a
National Bag And Trading Co Sa,Port-au-Prince,Haiti,+509 37 01 9146,n/a,ketlym@acraindustries.com,n/a,1,,3,n/a
Hôpital St-Damien (Nos Petits Frères Et Soeurs),Tabarre,"Tabarre 41, (en face Valerio Canez)",+509 28 16 1602,+509 29 40 9084,n/a,n/a,0,,15,n/a
Nova Solar S.A.,Tabarre,"Bldg. 2, Airport Industrial Park, Fleuriot",+509 28 11 5015,+509 28 17 0705,info@novasolarhaiti.com,n/a,1,,15,n/a
Nutriphar,Petion-Ville,"90, Rue Lambert",+509 28 17 0477,+509 28 17 0478,georgesarmand.ga@gmail.com,n/a,1,,15,n/a
Office City,Petion-Ville,"106, Route de Frères",+509 29 40 0040,+509 28 12 5252,info@officecityllc.com,n/a,0,,15,n/a
Office Star S.A.,Petion-Ville,"Angle Rues Clerveaux & Oge, Complexe Maglio",+509 28 14 4800,n/a,offistar2@aol.com,www.offistar.com,0,,3,n/a
Organisation Haïtienne De Marketing Social Pour La Sante (Ohmass) / Psi Haïti,Petion-Ville,"20, Imp Chanlatte, Peguy-Ville",+509 37 01 9040,+509 28 16 1620,n/a,n/a,0,,15,n/a
One Source Paper,Delmas,"35, Rue Jean-Gilles, Route de l'Aeroport",+509 28 13 0050,+509 48 94 9644,wickyfrisch@icloud.com,n/a,0,,15,n/a
Organisation Haïtienne De Marketing Social Pour La Sante (Ohmass) / Psi Haïti,Petion-Ville,"20, Imp Chanlatte, Peguy-Ville",+509 37 01 9040,+509 28 16 1620,n/a,n/a,0,,15,n/a
P & C Ceramic Center,Tabarre,"1A, Plaza 22, Blvd 15 Octobre",+509 28 17 7072,n/a,info@pcceramics.com,www.pcceramics.com,0,,3,n/a
Pacific Sports Haiti S.A.,Delmas,"Bldg.7, 8, 25, 26, 27, 15, Parc Industriel Sonapi, Route de l'Aeroport",+509 28 13 1626,+509 28 13 1627,worosalee@gmail.com,n/a,0,,15,n/a
Peintures Caraïbes S.A.,Delmas,"Bldg. 33, Parc Industriel Sonapi, Route de l'Aeroport",+509 28 13 0045,+509 28 13 0245,admin@peinturescaraibes.com,www.peinturescaraibes.com,0,,15,n/a
Phifa,Port-au-Prince,"399, Blvd J.-J. Dessalines",+509 37 01 6444,+509 29 47 6444,phifa64@hotmail.com,www.phifa.com,1,,15,n/a
Phipps & Co.,Port-au-Prince,"352, Ave John Brown, Bourdon",+509 38 97 9583,+509 28 12 3537,phipps@lily-haiti.com,n/a,0,,15,n/a
Port Lafito (A Gb Group Company),Port-au-Prince,"Route Nationale #1, Chancerelles",+509 28 14 0000,n/a,lafito@gbgroup.com,www.portlafito.com,0,,3,n/a
Pr Entreprise Sa,Port-au-Prince,Haiti,+509 36 63 5161,n/a,pregnier17@gmail.com,n/a,1,,3,n/a
Primature (Bureau Du Premier Ministre),Port-au-Prince,"33, Boulevard Harry Truman",+509 22 21 0028,n/a,n/a,www.primature.gouv.ht,0,,3,n/a
Programme Alimentaire Mondial (Pam),Petion-Ville,"Juvenat 7, Local Karibe Hôtel",+509 37 91 2143,n/a,n/a,www.wfp.org,0,,3,n/a
Propharma S.A.,Petion-Ville,"18, Angle Imp. Hardy et Route du Canape-Vert",+509 28 13 9088,+509 22 74 2283,pro_pharmasa@yahoo.fr,n/a,0,,15,n/a
Quincaillerie Nouvelle S.A.,Delmas,"11, Autoroute de Delmas",+509 28 13 0308,+509 29 10 0808,info@qnhaiti.com,www.qnhaiti.com,1,,15,n/a
Quisqueya Distribution S.A.,Petion-Ville,"33, Angle Rues Darguin et Geffrard",+509 22 26 7713,+509 29 42 1305,quisqueyadistribution@hotmail.com,n/a,0,,15,n/a
Rebo S.A.,Delmas,"4, Rue Jean-Gilles, Blvd Toussaint Louverture",+509 28 14 6330,n/a,info@rebo.ht,www.rebo.ht,1,,3,n/a
Riceco S.A.,Tabarre,"20, Blvd. T. Louverture prolonge, (Airport Industrial Park), Carrefour Fleuriot",+509 28 16 2371,+509 28 16 2372,ricecosa@yahoo.fr,n/a,0,,15,n/a
Rjm S.A.,Tabarre,"94, Tabarre 14, Boulevard 15 Octobre",+509 28 17 2425,+509 37 32 2033,reginecherubin@yahoo.com,n/a,0,,15,n/a
Safico,Carrefour,"Diquini 63, en face Universite Adventiste",+509 34 21 7895,+509 37 59 5656,safico@gmail.com,www.micamasoley.com,1,,15,n/a
Skandra S.A.,Croix-des-Bouquets,"4, Rue Culligan, Santo 17",+509 28 16 1621,+509 28 16 1622,skandrasa@aol.com,www.skandra.com,1,,15,n/a
Anacaona,Saint-Marc,Chemin Neuf,+509 46 06 0480,n/a,n/a,n/a,0,,3,n/a
Societe Du Rhum Barbancourt,Croix-des-Bouquets,"16, Rue Bonne Foi, Damien, Route Nationale # 1",+509 28 16 7110,+509 28 16 3090,rhum@barbancourt.com,www.barbancourt.com,0,,15,n/a
Shaisa (Societe Haïtienne Agro-Industrielle) / Famosa,Croix-des-Bouquets,"Entree de Santo 25, local Famosa",+509 36 02 9363,n/a,info@shaisa.com,www.shaisa.com,0,,3,n/a
Societe D Importation De Produits Alimentaires S.A. (Sodipal),Cap-Haïtien,Complexe National de Vertières,+509 37 70 1814,+509 31 96 4659,sroy@sodipal.com,www.sodipal.com,1,,15,n/a
Sodipro,Delmas,"6, Rue Barbancourt, Route de l'Aeroport",+509 38 77 0378,+509 22 30 0940,sales@unipro-haiti.com,n/a,0,,15,n/a
Sogebank,Petion-Ville,Angle Rues Faubert & Rigaud,+509 28 15 5000,+509 29 15 5000,institutions@sogebank.com,www.sogebank.com,0,,15,n/a
Societe Generale De Distribution De Produits Alimentaires (Sogedipa),Delmas,"25, Rue Salomon Varreux, Route de l'Aeroport",+509 28 13 0876,+509 28 13 0875,sogedipainfo@yahoo.fr,n/a,1,,15,n/a
Haiti Plastics S.A. / Sogeplast,Delmas,"4, Ruelle Jeudy, Route de l'Aeroport",+509 37 01 1765,+509 37 01 1763,haplas@haplas.com,www.grouphm.com,0,,15,n/a
Sohdisa,Delmas,"3, Delmas 2",+509 28 13 0614,+509 28 13 0617,fefrancis@fsfoods.com,n/a,0,,15,n/a
Sol Haïti S.A.,Delmas,"Maximum Nazon, Nazon",+509 37 01 6919,+509 37 04 9304,n/a,n/a,0,,15,n/a
Services Techniques D Accomplissement Des Formalites Douanières (Staford),Port-au-Prince,"21, Ave Marie-Jeanne, Cite de l'Exposition, Bicentenaire",+509 36 57 0782,+509 38 32 3930,turnierdouly@yahoo.fr,n/a,0,,15,n/a
Stanco,Delmas,"20, Rue Salomon Varreux, Route de l'Aeroport",+509 28 11 7044,+509 28 11 7045,italaspia@gmail.com,n/a,0,,15,n/a
Suntrade Import-Export,Port-au-Prince,"7, 1re Ruelle Jeremie",+509 29 43 5366,+509 42 72 2884,suntrade@suntradeht.com,n/a,0,,15,n/a
Thompson Electronics S.A.,Port-au-Prince,"35, Rue de l'Enterrement",+509 29 47 2121,+509 28 12 9842,sales@thompson.ht,n/a,0,,15,n/a
Top Food International Sa,"port-au-prince, Haiti","port-au-prince, Haiti",+509 37 47 0404,n/a,youri@topfoodsa.com,n/a,1,,3,n/a
Topco Haïti S.A.,Tabarre,"3, Rue E. Pierre, Tabarre 41",+509 28 17 1000,+509 28 17 1001,info@topcotrade.com,www.topcotrade.com,0,,15,n/a
Total Haiti S.A (Digi Entreprise),Tabarre,"28, Blvd Toussaint Louverture prolonge, vers Fleuriot, en face Rue A. Sanon",+509 29 44 0703,n/a,n/a,n/a,0,,3,n/a
Tropic S.A.,Tabarre,"70, Source Cazeau, Tabarre 16, Route de Tabarre",+509 28 13 0697,+509 28 13 0526,marketing@tropicsa.com,www.tropicsa.com,0,,15,n/a
Tvb Pap Terminal Sa,Route du terminal Varreux-Chancerelles-PAP-HAITI,Route du terminal Varreux-Chancerelles-PAP-HAITI,+509 38 69 1180,n/a,bruno.elie@tvb-haiti.com,n/a,1,,3,n/a
Unibank (Direction Generale),Petion-Ville,"157, Angle Rues Faubert et Oge",+509 22 99 2062,+509 22 99 2057,procourt@unibankhaiti.com,n/a,1,,15,n/a
Unicef,Port-au-Prince,"17, Rue Armand Holly, Debussy",+509 28 12 3011,+509 28 12 3005,n/a,www.unicef.org/haiti/french,0,,15,n/a
Unipièce S.A.,Port-au-Prince,"17, Rue Frères Simmonds, Cite Militaire",+509 37 20 8181,+509 33 64 5050,n/a,n/a,0,,15,n/a
United Plastics S.A.,Carrefour,"Entre Bizoton 51-53, Route de Carrefour, Blvd J.-J. Dessalines",+509 29 44 0612,+509 28 13 0612,info@unitedplasticssa.com,www.unitedplasticssa.com,1,,15,n/a
United Shipping & Logistics (Usl),Delmas,"47, Blvd Toussaint Louverture (Complexe Trans Auto)",+509 28 13 2727,n/a,info@usl.ht,www.usl.ht,1,,3,n/a
Univers Auto Services,Petion-Ville,"41, Rue Metellus",+509 46 42 1111,n/a,universautoservicesa@gmail.com,n/a,0,,3,n/a
Universal Motors S.A.,Petion-Ville,Angle Rues Aubran et Panamericaine,+509 28 14 3434,+1 786 578 0135,info@universal-motors.com,www.nissanhaiti.com,0,,15,+1 786 578 0135
Valerio Canez,Ouanaminthe,"Route Nationale #6, Rivière Canarie",+509 48 03 6331,+509 41 33 9879,jpauguste@vcanez.com,n/a,1,,15,n/a
Water For Life,Cayes,"Route de l'Aeroport, Charrier",+509 22 28 9259,n/a,n/a,n/a,0,,3,n/a
West Indies Energy Co. (Wineco),Port-au-Prince,Terminal Varreux,+509 28 11 5355,+509 37 01 6394,n/a,n/a,0,,15,n/a
Yves Auto Parts,Saint-Marc,"40, Rue Nissage Saget",+509 36 00 5954,+509 33 53 3370,yvesdestin@hotmail.com,n/a,0,,15,n/a
Ambassade De France,Port-au-Prince,"51, Rue Capois",+509 29 99 9000,n/a,contact@ambafrance-ht.org,www.ambafrance-ht.org,0,,3,n/a
Auto Direct S.A.,Tabarre,"1, Tabarre 55, Blvd. 15 Octobre, Torcel",+509 22 26 8707,+509 31 46 4369,imranroofi@gmail.com,n/a,0,,15,n/a
Autobiz,Delmas,Angle Autoroute de Delmas et Delmas 60,+509 34 02 1919,n/a,n/a,www.automotiveartpaints.com,0,,3,n/a
Buromatic (Bmpv),Petion-Ville,"7 Bis, Rue Clerveaux",+509 29 41 2678,n/a,svnau@buromatic.com,www.buromatic.com,0,,3,n/a
Canal Plus Haïti,Port-au-Prince,"17, Angle Rues Faustin 1er et Cheriez (zone du Canape-Vert)",+509 29 47 4141,+509 29 46 4141,canalsat.haiti@canalplus-haiti.com,www.canalplus-haiti.com,0,,15,n/a
Canez Distribution,Delmas,"91, Route de l'Aeroport",+509 29 40 6000,+509 29 40 6001,vente@canezdistribution.com,www.canezdistribution.com,0,,15,n/a
Cap Motors,Delmas,"351, Autoroute de Delmas, Delmas 81 A",+509 37 23 1313,+509 37 24 8434,capitolm@gmail.com,n/a,0,,15,n/a
Catholic Relief Services (Crs),Delmas,"1, Delmas 81",+509 28 13 1243,n/a,crshaiti@crshaiti.org,n/a,0,,3,n/a
Climaref,Port-au-Prince,"111, Rue du Quai",+509 29 49 9491,+509 33 89 9491,info@climarefhaiti.com,n/a,0,,15,n/a
Comag S.A.,Ouanaminthe,"Rue Espagnole, Route Nationale #6",+509 28 12 3233,+509 34 69 3814,comagsa@yahoo.com,n/a,0,,15,n/a
Commerce S.A.,Port-au-Prince,"4, Imp Mercy, Ave John Brown, Bourdon",+509 28 13 3070,+509 22 28 3030,commercesa@gmail.com,www.commercesa.com,0,,15,n/a
D Adesky Import Export S.A.,Port-au-Prince,"3, Angle Bas Delmas et Blvd Jean-Jacques Dessalines",+509 28 12 2499,+509 28 12 2501,ddadesky@dadesky.com,www.dadeskyimportexport.com,0,,15,n/a
Bon Berger Departement Store,Port-au-Prince,"328, entre Rue Bonne Foi et Rue des Miracles, Blvd. Jean Jacques Dessalines",+509 34 58 0685,+509 42 12 8319,n/a,n/a,0,,15,n/a
Depôt National De Construction S.A.,Port-au-Prince,"Chancerelles, Route Nationale #1, Shodecosa",+509 28 13 1020,+1 786 319 4419,depotnational@gmail.com,n/a,0,,15,+1 786 319 4419
Digitalkap Energy,Hinche,"22, Rue Dumarsais Estime",+509 22 10 3524,+509 47 35 7925,sales@digitalkap.com,www.digitalkap.com,0,,15,n/a
Direction Generale Des Impôts (Dgi),Delmas,"8, Rue Amiral Killick, Delmas 19",+509 38 08 2469,n/a,n/a,n/a,0,,3,n/a
Discount Medical Supply And Equipment,Port-au-Prince,"73, Rue Capois, etage Centre Medical de P-au-P",+509 39 99 5757,+509 34 14 2222,dismedsupequip@yahoo.com,n/a,0,,15,n/a
Dominique Ambroise Assurances,Port-au-Prince,"11, 1ère Rue Wilson, Pacot",+509 36 74 9224,+509 47 14 2844,dominiqued.ambroise@gmail.com,n/a,0,,15,n/a
Elmeco,Delmas,"9, Rue Jean-Gilles, Blvd. Toussaint Louverture",+509 28 11 0059,+509 39 29 5488,info@elmecohaiti.com,n/a,0,,15,n/a
E-Power S.A.,Port-au-Prince,"Hinsa Free Zone Park, Rue Lisius, Drouillard",+509 28 13 0015,+1 954 323 4315,admin@epowerhaiti.com,www.epowerhaiti.com,0,,15,+ 1 954 323 4315
Fondation Rayon D Espoir,Delmas,"12, Angle Rues Simon et Sylvio Cator, Delmas 24",+509 36 18 6471,+509 31 55 3284,fondationrayondespoir@yahoo.fr,n/a,0,,15,n/a
General Medical Supplies & Technologies Co. (Gemtech),Port-au-Prince,"111, Rue Pavee",+509 28 11 5808,+509 37 30 4101,jcferrus@gemetech.com,www.gemetech.com,0,,15,n/a
Green Energy Solutions,Croix-des-Bouquets,"19, Santo 14",+509 28 16 6000,+509 40 98 6060,greenenergysolutions.haiti@gmail.com,n/a,0,,15,n/a
Guillaume Thony,Cayes,"39, Rue Monseigneur Maurice (Centre Hospitalier de La Place)",+509 36 64 5332,n/a,n/a,n/a,0,,3,n/a
Kay Bouto Auto Parts,Gonaïves,"39, Bigot, Route Nationale #1",+509 37 13 3823,+509 42 72 0479,n/a,n/a,0,,15,n/a
Le Coin Vert,Petion-Ville,"5, Rue Villate",+509 38 06 7857,+509 34 48 1229,carriemona@gmail.com,n/a,0,,15,n/a
Lea Trading Haiti,Cap-Haïtien,"Entre Rue 5 A et Boulevard, à côte de DHL",+509 22 30 1494,n/a,contactleatrading@gmail.com,www.leatrading.net,0,,3,n/a
Librairie La Pleiade,Port-au-Prince,Angle Rue Bois-Patate et Ave. Martin Luther King,+509 28 16 1105,n/a,librairie_lapleiade@yahoo.fr,n/a,0,,3,n/a
Maison Des Enfants Handicapes (Meh),Delmas,"9 Bis, Delmas 31",+509 37 06 4384,+509 32 57 5335,n/a,n/a,0,,15,n/a
Ministère De La Sante Publique Et De La Population (Mspp),Fort-Liberte,A l'entree de la ville,+509 42 00 8110,n/a,n/a,n/a,0,,3,n/a
Ministère Des Affaires Sociales Et Du Travail,Cayes,"Rue General Borgella, Complexe Administratif",+509 38 15 4959,n/a,n/a,n/a,0,,3,n/a
National Windows,Port-au-Prince,"68, Angle Rue Lamarre et Lalue",+509 34 46 8500,+509 36 17 6801,n/a,n/a,0,,15,n/a
Novamat Motors S.A.,Cabaret,"Vigner, Route Nationale #1",+509 29 40 9445,n/a,borisbrierre01@gmail.com,n/a,1,,3,n/a
Painson S.A.,Delmas,"19, Delmas A1",+509 37 62 4692,+509 28 16 8020,gael@painsonsa.com,n/a,0,,15,n/a
Petigo Pharma,Port-au-Prince,"24, Ruelle Berne",+509 28 13 1572,+509 29 40 3434,petigopharma@gmail.com,n/a,0,,15,n/a
Pierre Joseph Claudia,Petion-Ville,"91 B, Rue Rigaud, zone Ste Therèse, Clinique les Bougainvilliers",+509 48 46 5547,n/a,claudiajpierre@yahoo.fr,n/a,0,,3,n/a
Pierre Michel,Cap-Haïtien,"62, Rue 17 IJ",+509 34 49 8569,n/a,n/a,n/a,0,,3,n/a
Police Nationale D Haïti (Pnh / Garde-Côtes Haïtienne,Cayes,Rue du Port,+509 36 58 1111,n/a,n/a,n/a,0,,3,n/a
Presses Nationales (Le Moniteur),Petion-Ville,"61, Rue Goulard",+509 29 41 7909,+509 40 51 5242,clientele@pressesnationales.ht,www.pressesnationales.ht,0,,15,n/a
Reinbold Import-Export,Port-au-Prince,Angle Rues Courte et Dr. Aubry,+509 28 13 1453,+509 28 13 1455,reinboldhaiti@yahoo.com,n/a,0,,15,n/a
Rr Construction S.A.,Delmas,"4, Angle Rues Tertulien G. et S. Varreux, Blvd. Toussaint Louverture",+509 28 13 1161,+509 28 13 1162,rrconstruction.sa@gmail.com,n/a,0,,15,n/a
Seaboard Marine Of Haiti,Delmas,"65, Autoroute de Delmas, Building Valerio Canez, 3° etage",+509 33 33 0979,+509 33 33 0988,seaboard@seaboard-haiti.com,www.seaboardmarine.com,1,,15,n/a
Servotel,Tabarre,"Route de l Aeroport, Zone Cargo, entre Aeroport International et Guy Malary",+509 28 12 7500,+509 28 12 7501,info@servotelhaiti.com,www.servotelhaiti.com,1,,15,n/a
Societe Biblique Haïtienne,Port-au-Prince,"46, Rue Fernand, Canape-Vert",+509 34 11 5525,n/a,societebibhai@yahoo.com,n/a,0,,3,n/a
Socojeb,Port-au-Prince,"42, Chemin des Dalles, (Maison Medicale)",+509 34 57 9559,+509 36 80 0000,joedbij@yahoo.com,n/a,0,,15,n/a
Star 2000,Delmas,"224, Autoroute de Delmas, en face de Delmas 29",+509 28 11 0170,n/a,n/a,n/a,0,,3,n/a
Sykris S.A.,Croix-des-Bouquets,"4, Rue Culligan, Santo 17",+509 36 52 7777,+509 37 01 0101,sykris2@aol.com,n/a,0,,15,n/a
The Willbes Haitian S.A.,Delmas,"Route de l'Aeroport, Parc Industriel Sonapi, Bldg. 42",+509 48 10 1627,n/a,hcyang@willbes.com,n/a,0,,3,n/a
Unicef,Port-au-Prince,"17, Rue Armand Holly, Debussy",+509 28 12 3011,+509 28 12 3005,n/a,www.unicef.org/haiti/french,0,,15,n/a
Usaid,Tabarre,"Boulevard du 15 Octobre, Tabarre 41, Ambassade des etats-Unis d'Amerique",+509 22 29 8000,n/a,n/a,www.haiti.usaid.gov,0,,3,n/a
V & F Construction,Croix-des-Bouquets,"Route Nationale # 1, Carrefour Shada",+509 28 13 0070,+509 28 13 0071,administration@vfconstruction.net,www.vfconstruction.net,0,,15,n/a
9 Mois Maternite Bebe,Petion-Ville,"35, Rue Villate",+509 37 28 7108,+509 36 89 7500,9moismaternity@gmail.com,n/a,0,,15,n/a
Ags Haïti S.A.,Petion-Ville,"Apart. 1 B, Angle Rues Tippenhauer et Price Mars, Puits-Blain",+509 31 70 2869,+509 48 91 0762,admin@ctcargo.net,www.ctcargo.net,0,,15,n/a
Air Express International & Els Express Logistics Services,Port-au-Prince,"25, Rue O, Turgeau, zone Universite Lumière",+509 28 13 1921,+509 28 13 6419,expresslogistic2@yahoo.com,www.airexpresshaiti.com,0,,15,n/a
Archives Nationales D Haïti (Anh),Port-au-Prince,"Ave. Marie Jeanne, Bicentenaire",+509 28 18 1111,+509 28 18 1010,archivesnationalesht@gmail.com,www.archivesnationales.gouv.ht,0,,15,n/a
Atlantis Motors S.A.,Delmas,"27, Blvd Toussaint Louverture, Route de l'Aeroport",+509 29 41 1568,+509 29 41 1569,info@atlantis-motors.com,www.atlantis-motors.com,0,,15,n/a
Banque Nationale De Credit (Bnc / Bureau De Conformite),Port-au-Prince,"103, Angle Rues des Miracles et du Quai, HT 6110",+509 28 16 0081,+509 28 14 0381,n/a,www.bnconline.com,0,,15,n/a
Behrmann Motors,Delmas,"61, Blvd Toussaint Louverture, Route de l'Aeroport",+509 28 12 2000,+509 28 13 0600,info@bmhaiti.com,www.bmhaiti.com,0,,15,n/a
Biomed S.A.,Petion-Ville,"11, Rue Villate",+509 28 13 1741,n/a,contact@biomedhaiti.com,www.biomedhaiti.com,0,,3,n/a
Blindhasa,Petion-Ville,Angle Autoroute de Delmas et Delmas 101,+509 29 45 0101,+509 37 01 7171,blindhasa@yahoo.com,n/a,0,,15,n/a
Cap Terminal S.A. (Ctsa),Cap-Haïtien,"101, Rue 15 B",+509 28 11 1135,n/a,n/a,www.capterminal.com,0,,3,n/a
Caribbean Port Services,Delmas,"6, Rue Georges Coles (à côte de Universal Motors), Route de l'Aeroport",+509 28 13 0322,+509 28 13 1169,pcoles@cps.ht,n/a,1,,15,n/a
Caribbean Precision Assembly,Delmas,"19, Delmas A1 (Complexe Allied Assemblers)",+509 39 91 9351,+509 34 63 5447,precisionassy@aol.com,n/a,0,,15,n/a
Champagne,Petion-Ville,"Angle Rues Gregoire et Moïse, (Complexe Promenade)",+509 29 47 4007,n/a,katherine@champagnehaiti.com,www.champagnehaiti.com,0,,3,n/a
Chapelle Paradis,Delmas,"9, Delmas 31",+509 38 39 2946,+509 38 39 2950,n/a,n/a,0,,15,n/a
Ck Hardware,Petion-Ville,"Rue Ferrand de Beaudière, entree Peguy-Ville",+509 29 41 1313,+509 36 57 3333,ckhardware@ckhardware.net,www.ckhardwarehaiti.com,0,,15,n/a
Commercial Services,Petion-Ville,"2, Rue Coradin (entre Frères et Peguy-Ville)",+509 34 01 0652,+509 22 27 1377,commercial1950@gmail.com,n/a,0,,15,n/a
Compagnie Des Tabacs Comme Il Faut,Tabarre,Carrefour Clercine,+509 29 40 8047,+509 29 40 8048,welcome@commeilfaut.com,www.commeilfaut.com,1,,15,n/a
Cyrima Production,Cap-Haïtien,"68, Rue 17 J",+509 22 60 5910,+509 37 99 3168,cyrimaproduction@hotmail.com,n/a,0,,15,n/a
Delmas 2000,Delmas,"1 A, Angle Autoroute de Delmas et Delmas 31",+509 28 13 2000,n/a,info@delmas2000.biz,n/a,0,,3,n/a
Edl Etablissement Dieumerci Lafalaise Wholesale   Dayang,Jacmel,"4, Rue de l'eglise",+509 36 07 0808,+509 39 38 0808,n/a,n/a,0,,15,n/a
Elmecen S.A.,Delmas,"27, Blvd Toussaint Louverture, Route de l'Aeroport",+509 22 27 0708,+509 22 27 0709,info@elmecen.com,www.elmecen.com,0,,15,n/a
European Motors,Port-au-Prince,"100, Angle Rues du Quai et Bonne Foi",+509 28 13 7486,+509 28 13 7487,europeanmotors1@gmail.com,n/a,0,,15,n/a
Execo S.A.,Petion-Ville,"582, Autoroute de Delmas (entre Delmas 70 et 72)",+509 28 13 1389,+509 28 13 1390,execosa1@yahoo.fr,n/a,0,,15,n/a
Gaz Propane Plus,Cap-Haïtien,Barrière Bouteille,+509 38 55 3528,+509 36 70 9805,n/a,n/a,0,,15,n/a
Georges Stines Foundation : Clinique Dentaire,Petion-Ville,"47, Route de Frères",+509 36 76 1463,n/a,n/a,n/a,0,,3,n/a
Global Vision Citadelle Ministries (Gvcm),Mirebalais,"Route Vision Global, Imp. Five Oaks",+509 37 40 9749,+509 38 33 4260,n/a,n/a,0,,15,n/a
Hospital & Medical Supplies S.A.,Port-au-Prince,"26, Rue Bois-Patate, Canape-Vert",+509 28 13 1358,+509 28 11 8989,customerrelations@hms.ht,www.hms.ht,0,,15,n/a
Ilsi,Port-au-Prince,"24, Rue Rivière, Bourdon",+509 38 26 0929,+509 22 26 7282,ilsigroup@ilsigroup.com,www.ilsigroup.com,0,,15,n/a
Imprimerie Le Natal S.A.,Delmas,"7, Rue Barbancourt, Blvd. Toussaint Louverture",+509 34 45 1000,+509 28 13 9886,lenatal@lenatal.biz,www.lenatal.biz,0,,15,n/a
Joseph Bernard Jr.,Tabarre,"Tabarre 58, en face de la Sunauto, Route de Tabarre, Centre de Traitement du Cancer (IHI)",+509 37 66 9495,n/a,josephbernardjr.ht@gmail.com,n/a,0,,3,n/a
Karibe Hôtel,Petion-Ville,Juvenat 7,+509 28 12 7000,+1 800 615 6377,reservation@karibehotel.com,www.karibehotel.com,0,,15,+1 800 615 6377
Keijzer Computer S.A.,Delmas,"Angle Autoroute de Delmas et Delmas 56, Plaza Stello",+509 34 76 5777,+509 34 76 0900,sales@keijzercomputer.com,www.keijzercomputer.com,0,,15,n/a
Laboratoire National De Sante Publique,Delmas,"52, Angle Delmas 33 et Rue Charbonnières",+509 37 01 9136,+509 37 01 9137,n/a,n/a,0,,15,n/a
Les Entreprises Abethel Parloir Funèbre,Kenscoff,"77, dos du Commissariat de Kenscoff",+509 33 10 9811,+509 34 65 9608,abethelparloirfunebre@yahoo.fr,n/a,0,,15,n/a
L'Etoile Sa,Cazeau 59 #4,Cazeau 59 #4,+509 34 55 2626,n/a,letoilesa@yahoo.com,n/a,1,,3,n/a
Maison Apollon,Port-au-Prince,"9, Rue St-Cyr",+509 28 13 1144,+509 28 13 1244,masa@maisonapollon.com,n/a,0,,15,n/a
Maison Roger Duret,Port-au-Prince,"22, Ruelle Carlstroëm, Bois-Verna",+509 36 74 5577,+509 29 45 7697,genenieverenier@yahoo.com,n/a,0,,15,n/a
Marimex,Delmas,"308, Angle Autoroute de Delmas et Delmas 40",+509 28 11 0118,n/a,marimex0303@yahoo.com,n/a,0,,3,n/a
Micama,Port-au-Prince,"172, Ave John Brown, Lalue",+509 44 08 2181,n/a,micama45@yahoo.com,www.micamasoley.com,0,,3,n/a
Microlab,Port-au-Prince,"25, Ruelle Berne, (Centre de Consultation)",+509 22 27 0703,n/a,microlabjnc@yahoo.com,n/a,0,,3,n/a
Msc Plus,Tabarre,"44, Blvd 15 Octobre",+509 36 56 7777,+509 29 45 7777,mscplushaiti@gmail.com,n/a,0,,15,n/a
Novamat S.A.,Tabarre,"17, Tabarre 12, Route de Tabarre, Cazeau",+509 28 13 1107,+509 28 13 1108,ventes@novamatsa.com,n/a,1,,15,n/a
Partners In Health / Zanmi Lasante,Petion-Ville,"11, Rue Oge, (Platinum Plaza)",+509 48 31 1609,n/a,seneq.pierre@pih.org,n/a,0,,3,n/a
Pluripharm S.A.,Port-au-Prince,"88 Bis, Ave. John Brown, Lalue",+509 37 02 2005,+509 37 02 3136,info@pluripharmsa.com,www.pluripharmsa.com,0,,15,n/a
Prefab,Port-au-Prince,"12, Route Nationale # 1, Varreux",+509 29 40 2040,+509 48 91 6768,info@prefabhaiti.com,n/a,0,,15,n/a
Produits Des Îles S.A. : Pisa (Groupe Rebo),Delmas,"4, Rue Jean-Gilles, Blvd Toussaint Louverture",+509 28 14 6330,n/a,info@pisa.ht,n/a,0,,3,n/a
Prophalab S.A.,Port-au-Prince,"1 A, 2e Ruelle Lavaud",+509 28 13 1443,+509 28 16 1345,sales@prophalab.com,www.prophalab.com,0,,15,n/a
Safari Motors S.A.,Delmas,"14, Ave. Martin Luther King, Nazon",+509 28 16 0283,+509 28 16 2238,safarimotorhaiti@aol.com,n/a,0,,15,n/a
Securart,Petion-Ville,"13, Route de Montagne Noire",+509 36 41 4283,+509 37 24 5747,securart@gmail.com,n/a,0,,15,n/a
Sogecarte,Port-au-Prince,Angle Rues Pavee et Monseigneur Guilloux,+509 22 29 5700,+509 28 15 5700,sogecarte@sogebank.com,www.sogebank.com,0,,15,n/a
Solution Imaging (Solima),Delmas,"344, Autoroute de Delmas, Delmas 40 B",+509 28 11 8101,n/a,info@mysolima.com,www.mysolima.com,0,,3,n/a
Sunrise Airways,Tabarre,Aerogare Guy Malary,+509 28 16 0616,+509 28 16 0615,info@sunriseairways.net,www.sunriseairways.net,0,,15,n/a
Technomoteur S.A.,Tabarre,"Route Nationale # 1, Bldg Duval Power Division, Cazeau",+509 28 16 1688,+509 28 16 1689,info@technomoteur.com,www.technomoteur.com,1,,15,n/a
Cemex Haiti (Terminal Varreux),Cite-Soleil,"Route Neuf, Chancerelles (local Terminal Varreux)",+509 29 18 5048,+509 29 40 9930,commercialhaiti@cemex.com,www.cemex.com,0,,15,n/a
Trans World Trading,Port-au-Prince,"85, Rue du Quai",+509 34 07 2403,+509 36 80 6665,transworldtradingcosa@gmail.com,n/a,0,,15,n/a
Transcargo International,Tabarre,"46, Rue J. Vincent, Blvd Toussaint Louverture",+509 28 13 2777,+509 28 16 2777,pap@transcargointl.com,n/a,0,,15,n/a
Vertec-Ht,Petion-Ville,"100, Rue Lambert",+509 28 13 1347,+509 36 04 1919,scantave@vertec-ht.com,n/a,0,,15,n/a
Vidro Trading,Delmas,"2 Bis, Rue Barbancourt, Route de l'Aeroport (entree Le Natal)",+509 29 47 7222,+509 33 29 6252,vidrotrading@vidrotrading.com,www.vidrotrading.com,1,,15,n/a
World Vision International,Petion-Ville,"9, Impasse Hardy, Juvenat, Route de Canape-Vert",+509 29 40 4628,+509 29 40 4629,n/a,n/a,0,,15,n/a
Xyz Logistics,Delmas,"8, R & C Plaza, Delmas 19",+509 34 00 0208,n/a,xyzlogistics@hotmail.com,n/a,0,,3,n/a
Agence Soprodis,Port-au-Prince,"17, Ave. Charles Sumner",+509 37 51 5541,+509 28 13 8994,admsoprodishaiti1@gmail.com,n/a,0,,15,n/a
Aj Plus Agence Maritime,Saint-Marc,"64, Rue Christophe",+509 37 08 2728,+509 38 42 1569,bosspiti5@yahoo.fr,n/a,0,,15,n/a
Berling S.A.,Cite-Soleil,"Route Nationale # 1, Sarthe 57",+509 29 49 7999,n/a,sales@berlingsa.com,www.berlingsa.com,0,,3,n/a
Carbogaz Sa,Port-au-Prince,Haiti,+509 29 40 9100,n/a,Alexander.vonlignau@gmail.com,n/a,1,,3,n/a
Coprofer Kenbe,Tabarre,"Route Nationale # 1, Cazeau, à côte Maison Duval",+509 37 32 1281,n/a,coproferkenbecooperative@yahoo.fr,n/a,0,,3,n/a
Les Entreprises Maritimes Et Commerciales Lionel S. D Adesky S.A. (Enmarcolda S.A.),Port-au-Prince,"3, Bas Autoroute de Delmas (après Carrefour Aviation)",+509 28 12 3434,+509 28 13 3434,enmarcolda@dadesky.com,www.enmarcolda.com,0,,15,n/a
Cafe Selecto (Geo Wiener),Delmas,"8, Delmas 1 A (en face Delmas 10)",+509 28 13 7606,+509 37 21 6195,info@selectohaiti.com,www.selectohaiti.com,0,,15,n/a
Haiti Terminal,Port-au-Prince,Blvd. La Saline,+509 29 42 9507,+509 29 43 9507,service@haititerminal.com,n/a,0,,15,n/a
Hospital & Medical Supplies S.A.,Port-au-Prince,"26, Rue Bois-Patate, Canape-Vert",+509 28 13 1358,+509 28 11 8989,customerrelations@hms.ht,www.hms.ht,0,,15,n/a
International Purchasing Group   Ipg,Petion-Ville,"61, Rue Metellus",+509 37 01 6440,+509 29 99 1313,jeffreyipg@gmail.com,n/a,0,,15,n/a
Jm Construction,Cap-Haïtien,"Vaudreuil, Route Nationale #1",+509 37 91 8811,n/a,n/a,n/a,0,,3,n/a
Les Entreprises Guerrier,Tabarre,"29, au dos de l'eglise catholique, Butte-Boyer, Croix-des-Missions",+509 36 46 7073,+509 39 08 9150,lesentreprisesguerrier@gmail.com,n/a,0,,15,n/a
Mapa Auto Parts,Delmas,"Angle Autoroute de Delmas et Delmas 60, local Tirezone",+509 28 18 8888,n/a,mapa-auto-parts@hotmail.com,n/a,0,,3,n/a
Ministère De L Economie Et Des Finances (Mef),Hinche,Rue Capois La Mort,+509 22 10 0872,n/a,n/a,n/a,0,,3,n/a
Okay Oto Parts S.A.,Tabarre,"12, Tabarre 37, Blvd 15 Octobre",+509 22 26 9393,+509 22 26 9394,info@okayoto.com,www.okayoto.com,0,,15,n/a
Omnitek Engineering,Delmas,"7, Rue Dr Lanier, Delmas 31",+509 34 48 0990,+509 22 28 6010,kvertil@omnitek-engineering.com,n/a,0,,15,n/a
Prestige Ship Services S.A,Cap-Haïtien,"101, Rue 15 A",+509 22 60 4957,+509 44 16 1207,prestigeships@aol.com,www.prestigeshipservices.com,0,,15,n/a
Rectorat De L'Universite D Etat D Haïti (Ueh),Port-au-Prince,"21, Rue Rivière",+509 22 44 0159,+509 22 44 0151,recteur@ueh.edu.ht,www.ueh.edu.ht,0,,15,n/a
Sunrise Airways,Tabarre,Aerogare Guy Malary,+509 28 16 0616,+509 28 16 0615,info@sunriseairways.net,www.sunriseairways.net,0,,15,n/a
Unicef,Port-au-Prince,"17, Rue Armand Holly, Debussy",+509 28 12 3011,+509 28 12 3005,n/a,www.unicef.org/haiti/french,0,,15,n/a
