cf_index,FaxID,date_of_arrival,CTN_tag,cnt_size_final,CTN,cnt_type,cnt_teu,bol_ref,shipper,consignee,notify,number_of_packages,package_type,new_descr,port_origin,port_tss,port_dest,count_origin,count_tss,r1_origin,r2_origin,voyage,vessel,carrier,mode,shipments,container_total,shipments_vrac,weight_total
89692,AAL_DA_01-01-2021-1-1,1/1/2021,VRAC,VRAC,VRAC,VRAC,0,001-44543973,CARGOSOLUTION INC,SOCIETE DU RHUM BARBANCOURT,SOCIETE DU RHUM BARBANCOURT,1,CARTON,DIVERSE MARCHANDISES,MIAMI - FL,MIAMI - FL,PORT-AU-PRINCE,USA,USA,NORTH AMERICA,NA_SOUTH ATLANTIC,AA258,AIR TRANSPORT,AMERICAN AIRLINES,AIR,1,0,1,1
89127,ANT_01-02-2021-0-1,1/2/2021,VRAC,VRAC,VRAC,VRAC,0,1030131569,CLAUDY JEAN LOUIS,LUC AUDREL DESIR,NOT AVAILABLE,1,PIECES,VOITURE D'OCCASION,MIAMI - FL,MIAMI - FL,PORT-AU-PRINCE,USA,USA,NORTH AMERICA,NA_SOUTH ATLANTIC,747S,SARA EXPRESS,ANTILLEAN MARINE SHIPPING CORP,SEA,1,0,1,1658
88658,AGE_01-03-2021-1-1,1/3/2021,VRAC,VRAC,VRAC,VRAC,0,1929HAIT-001,SOUTH FLORIDA LUMBER COMPANY,MSC TRADING SA,MSC TRADING SA,166,"PAQUET, COLIS",BOIS DE CHARPENTE,PORT ALABAMA - AL,PORT ALABAMA - AL,PORT-AU-PRINCE,USA,USA,NORTH AMERICA,NA_EAST SOUTH CENTRAL,OCC1929,OSLO BULK 8,AGENCE MARITIMES REUNIES,SEA,1,0,1,246647
88104,AAL_DA_01-04-2021-1-1,1/4/2021,VRAC,VRAC,VRAC,VRAC,0,001-45635741,VLADIMIR JOSEPH,VLADIMIR JOSEPH / NATASHA AIME,VLADIMIR JOSEPH / NATASHA AIME,3,CARTON,EFFETS PERSONNELS,MIAMI - FL,MIAMI - FL,PORT-AU-PRINCE,USA,USA,NORTH AMERICA,NA_SOUTH ATLANTIC,AA258,AIR TRANSPORT,AMERICAN AIRLINES,AIR,1,0,1,169
87368,ACA_DA_01-05-2021-1-1,1/5/2021,VRAC,VRAC,VRAC,VRAC,0,427-80521523,UNIVERSAL CORPORATION,OHMASS,OHMASS,45,CARTON,MEDICAMENT SOUS FORME DE DOSE (OU NON) OU POUR VENTE DETAIL,POINTE A PITRE,POINTE A PITRE,PORT-AU-PRINCE,GUADELOUPE,GUADELOUPE,CARIBBEAN,CARIBBEAN,TX559,AIR TRANSPORT,AIR CARAIBES,AIR,1,0,1,12454
87249,ANT_CH_01-06-2021-0-1,1/6/2021,VRAC,VRAC,VRAC,VRAC,0,1031032121,FRANDY FRANCOIS,FRANDY FRANCOIS,NOT AVAILABLE,1,PIECES,VOITURE D'OCCASION,MIAMI - FL,MIAMI - FL,CAP-HAITIEN,USA,USA,NORTH AMERICA,NA_SOUTH ATLANTIC,012S,BELEN,ANTILLEAN MARINE SHIPPING CORP,SEA,1,0,1,6858
86959,ACA_DA_01-07-2021-1-1,1/7/2021,VRAC,VRAC,VRAC,VRAC,0,427-80521335,SOFRAI,VENTE ET FABRIC DE MATERIAUX SA,VENTE ET FABRIC DE MATERIAUX SA,1,UNITES,MOTEURS,POINTE A PITRE,POINTE A PITRE,PORT-AU-PRINCE,GUADELOUPE,GUADELOUPE,CARIBBEAN,CARIBBEAN,TX559,AIR TRANSPORT,AIR CARAIBES,AIR,1,0,1,448
86584,AAL_DA_01-08-2021-1-1,1/8/2021,VRAC,VRAC,VRAC,VRAC,0,001-45637874,AMERICAN AIRLINES,AMERICAN AIRLINES,AMERICAN AIRLINES,1,CARTON,PIECES D'AVION,MIAMI - FL,MIAMI - FL,PORT-AU-PRINCE,USA,USA,NORTH AMERICA,NA_SOUTH ATLANTIC,AA258,AIR TRANSPORT,AMERICAN AIRLINES,AIR,1,0,1,256
85512,AHE_DA_01-09-2021-10-1,1/9/2021,VRAC,VRAC,VRAC,VRAC,0,345 26773611,EXPAT RELOCATION SOLUTIONS,AMERICAN EMBASSY,AMERICAN EMBASSY,2,CARTON,EFFETS PERSONNELS,MIAMI - FL,MIAMI - FL,PORT-AU-PRINCE,USA,USA,NORTH AMERICA,NA_SOUTH ATLANTIC,1003,AIR TRANSPORT,AIR HAITI EXPRESS,AIR,1,0,1,113
85494,PDV_01-10-2021-1-1,1/10/2021,VRAC,VRAC,VRAC,VRAC,0,EUKOICHA1689620,SBT CO LTD,GUY HYPPOLITE,GUY HYPPOLITE,1,VEHICULE AUTOMOBILE,VOITURE D'OCCASION,RIO HAINA,RIO HAINA,PORT-AU-PRINCE,DOMINICAN REPUBLIC,DOMINICAN REPUBLIC,CARIBBEAN,CARIBBEAN,V.137,VIKING PRINCESS,PDVSA RVAM,SEA,1,0,1,2268
85488,AAL_DA_01-11-2021-1-1,1/11/2021,VRAC,VRAC,VRAC,VRAC,0,001-43653186,UNICEF,UNICEF PORT AU PRINCE,UNICEF PORT AU PRINCE,5,CARTON,EFFETS PERSONNELS,MIAMI - FL,MIAMI - FL,PORT-AU-PRINCE,USA,USA,NORTH AMERICA,NA_SOUTH ATLANTIC,AA258,AIR TRANSPORT,AMERICAN AIRLINES,AIR,1,0,1,45
84627,AAL_DA_01-12-2021_01-1-1,1/12/2021,VRAC,VRAC,VRAC,VRAC,0,001-45893470,JACOB FLEISHMAN,ELECTRICITE D'HAITI (EDH),ELECTRICITE D'HAITI (EDH),1,CARTON,MATERIEL ELECTRIQUE ET ACCESSOIRE,MIAMI - FL,MIAMI - FL,PORT-AU-PRINCE,USA,USA,NORTH AMERICA,NA_SOUTH ATLANTIC,AA258,AIR TRANSPORT,AMERICAN AIRLINES,AIR,1,0,1,333
83997,AAL_DA_01-13-2021-1-1,1/13/2021,VRAC,VRAC,VRAC,VRAC,0,001-47050474,KARYN JANNOPOULOS,JAMES LOUIS-CHARLES,JAMES LOUIS-CHARLES,1,CARTON,EFFETS PERSONNELS,MIAMI - FL,MIAMI - FL,PORT-AU-PRINCE,USA,USA,NORTH AMERICA,NA_SOUTH ATLANTIC,AA949,AIR TRANSPORT,AMERICAN AIRLINES,AIR,1,0,1,1
83790,AAL_DA_01-14-2021_02-1-1,1/14/2021,VRAC,VRAC,VRAC,VRAC,0,001-46691050,AMERICAN AIRLINES,AMERICAN AIRLINES,AMERICAN AIRLINES,1,CARTON,PIECES D'AVION,MIAMI - FL,MIAMI - FL,PORT-AU-PRINCE,USA,USA,NORTH AMERICA,NA_SOUTH ATLANTIC,AA258,AIR TRANSPORT,AMERICAN AIRLINES,AIR,1,0,1,4
83589,AAL_DA_01-15-2021-1-1,1/15/2021,VRAC,VRAC,VRAC,VRAC,0,001-42766835,TABACALERA HONDURENA,ASSOCIATED FOOD DISTRIBUTORS SA,ASSOCIATED FOOD DISTRIBUTORS SA,12,CARTON,"TABACS NON,TOTALEMENT,PARTIELLEMENT ECOTES,DECHETS DE TABACS",MIAMI - FL,MIAMI - FL,PORT-AU-PRINCE,USA,USA,NORTH AMERICA,NA_SOUTH ATLANTIC,AA258,AIR TRANSPORT,AMERICAN AIRLINES,AIR,1,0,1,156
83300,AAL_DA_01-16-2021-1-1,1/16/2021,VRAC,VRAC,VRAC,VRAC,0,001-43997516,BLUEBIRD EXPRESS,ETS JB VITAL SA,ETS JB VITAL SA,1,CARTON,DIVERSE MARCHANDISES,MIAMI - FL,MIAMI - FL,PORT-AU-PRINCE,USA,USA,NORTH AMERICA,NA_SOUTH ATLANTIC,AA377,AIR TRANSPORT,AMERICAN AIRLINES,AIR,1,0,1,10
82798,ATR_DA_01-17-2021-1-1,1/17/2021,VRAC,VRAC,VRAC,VRAC,0,649-30021456,SANTE NATURELLE AG LTEE,LES ENTREPRISES MAXIMILIEN SA,LES ENTREPRISES MAXIMILIEN SA,6,CARTON,"PROVITAMINES OU VITAMINES, ADDITIFS ALIMENTAIRES",HALIFAX,HALIFAX,PORT-AU-PRINCE,CANADA,CANADA,NORTH AMERICA,NA_NORTHEAST,TS662,AIR TRANSPORT,AIR TRANSAT,AIR,1,0,1,659
82613,AAL_DA_01-18-2021_01-1-1,1/18/2021,VRAC,VRAC,VRAC,VRAC,0,001-46895365,AMERICAN AIRLINES,AMERICAN AIRLINES,AMERICAN AIRLINES,1,CARTON,PIECES D'AVION,MIAMI - FL,MIAMI - FL,PORT-AU-PRINCE,USA,USA,NORTH AMERICA,NA_SOUTH ATLANTIC,AA949,AIR TRANSPORT,AMERICAN AIRLINES,AIR,1,0,1,2
81873,AAL_DA_01-19-2021-1-1,1/19/2021,VRAC,VRAC,VRAC,VRAC,0,001-47202282,AMERICAN AIRLINES,AMERICAN AIRLINES,AMERICAN AIRLINES,3,CARTON,PIECES D'AVION,MIAMI - FL,MIAMI - FL,PORT-AU-PRINCE,USA,USA,NORTH AMERICA,NA_SOUTH ATLANTIC,AA258,AIR TRANSPORT,AMERICAN AIRLINES,AIR,1,0,1,234
81537,AAL_DA_01-20-2021-1-1,1/20/2021,VRAC,VRAC,VRAC,VRAC,0,001-32402215,CENTRERD FOR DISEASE CONTROL USPHS,US EMBASSY HAITI,US EMBASSY HAITI,1,CARTON,PREPARATIONS ET ARTICLES PHARMACEUTIQUES,MIAMI - FL,MIAMI - FL,PORT-AU-PRINCE,USA,USA,NORTH AMERICA,NA_SOUTH ATLANTIC,AA949,AIR TRANSPORT,AMERICAN AIRLINES,AIR,1,0,1,9
81392,AME_DA_01-21-2021-10-1,1/21/2021,VRAC,VRAC,VRAC,VRAC,0,810-40870620,SAMUEL JOSEPH,EDSON STINMA,EDSON STINMA,1,PALETTE,EFFETS PERSONNELS,MIAMI - FL,MIAMI - FL,PORT-AU-PRINCE,USA,USA,NORTH AMERICA,NA_SOUTH ATLANTIC,849/0001,AIR TRANSPORT,AMERIJET,AIR,1,0,1,198
81062,AAL_DA_01-22-2021-1-1,1/22/2021,VRAC,VRAC,VRAC,VRAC,0,001-23339083,PROCTER & GAMBLE INTERAMERICAS,MAISON APOLLON,MAISON APOLLON,1,CARTON,PREPARATIONS ET ARTICLES PHARMACEUTIQUES,MIAMI - FL,MIAMI - FL,PORT-AU-PRINCE,USA,USA,NORTH AMERICA,NA_SOUTH ATLANTIC,AA258,AIR TRANSPORT,AMERICAN AIRLINES,AIR,1,0,1,98
80733,AHE_DA_01-23-2021-10-1,1/23/2021,VRAC,VRAC,VRAC,VRAC,0,000 43405,ATLAS CONSOLIDATORS LLC,LYNN MARCELLE NAIKA,LYNN MARCELLE NAIKA,4,CARTON,EFFETS PERSONNELS,MIAMI - FL,MIAMI - FL,PORT-AU-PRINCE,USA,USA,NORTH AMERICA,NA_SOUTH ATLANTIC,1003,AIR TRANSPORT,AIR HAITI EXPRESS,AIR,1,0,1,252
80708,SBD_01-24-2021-38-1,1/24/2021,VRAC,VRAC,VRAC,VRAC,0,6441848A,LUTHER WHITE BEAR ACURA SUBARU,KESNER RAYMOND,KESNER RAYMOND,1,VEHICULE AUTOMOBILE,BUS D'OCCASION,MIAMI - FL,MIAMI - FL,LAFITO,USA,USA,NORTH AMERICA,NA_SOUTH ATLANTIC,177S,PANJANG,SEABOARD MARINE,SEA,1,0,1,3039
80391,AAL_DA_01-25-2021-1-1,1/25/2021,VRAC,VRAC,VRAC,VRAC,0,001-20312320,AGP DE COLOMBIA SA,BLINDHASA,BLINDHASA,2,CARTON,VERRE DE SECURITE,MIAMI - FL,MIAMI - FL,PORT-AU-PRINCE,USA,USA,NORTH AMERICA,NA_SOUTH ATLANTIC,AA258,AIR TRANSPORT,AMERICAN AIRLINES,AIR,1,0,1,209
79522,AAL_01-26-2021-1-1,1/26/2021,VRAC,VRAC,VRAC,VRAC,0,001-42351400,ABB SCHWEIZ AG TURBOCHARGING LTD,E&K TRADING,E-POWER SA,1,CARTON,CHARGEUR,MIAMI - FL,MIAMI - FL,PORT-AU-PRINCE,USA,USA,NORTH AMERICA,NA_SOUTH ATLANTIC,AA258,AIR TRANSPORT,AMERICAN AIRLINES,AIR,1,0,1,2
79290,ANT_01-27-2021-0-1,1/27/2021,VRAC,VRAC,VRAC,VRAC,0,1030131657,MOUDY BLANCHET,JEAN JACQUES GOETHE DERBY,NOT AVAILABLE,1,PIECES,CAMION D'OCCASION,MIAMI - FL,MIAMI - FL,PORT-AU-PRINCE,USA,USA,NORTH AMERICA,NA_SOUTH ATLANTIC,014S,BELEN,ANTILLEAN MARINE SHIPPING CORP,SEA,1,0,1,4531
78849,HAT_01-28-2021-1-1,1/28/2021,VRAC,VRAC,VRAC,VRAC,0,13557,THOMAS DALE BRUMBLEY,THOMAS DALE BRUMBLEY,THOMAS DALE BRUMBLEY,19,CARTON,EFFETS PERSONNELS,MIAMI - FL,MIAMI - FL,PORT-AU-PRINCE,USA,USA,NORTH AMERICA,NA_SOUTH ATLANTIC,2021005,AIR TRANSPORT,HAITI AIR TRANSPORT,AIR,1,0,1,80
78846,AAL_01-29-2021-1-1,1/29/2021,VRAC,VRAC,VRAC,VRAC,0,001-46584145,THE MEDICAL EXPORT GROUP,UNICEF PORT AU PRINCE,UNICEF PORT AU PRINCE,11,CARTON,ARTICLES ET ACCESSOIRES DE BEBE,MIAMI - FL,MIAMI - FL,PORT-AU-PRINCE,USA,USA,NORTH AMERICA,NA_SOUTH ATLANTIC,AA258,AIR TRANSPORT,AMERICAN AIRLINES,AIR,1,0,1,3683
78742,AAL_01-30-2021-1-1,1/30/2021,VRAC,VRAC,VRAC,VRAC,0,001-31847756,ANDREW TORREGROSSA AND SONS INC,MLORDS ENTREPRISES FH,MLORDS ENTREPRISES FH,1,CARTON,DEPOUILLE MORTELLE,MIAMI - FL,MIAMI - FL,PORT-AU-PRINCE,USA,USA,NORTH AMERICA,NA_SOUTH ATLANTIC,AA377,AIR TRANSPORT,AMERICAN AIRLINES,AIR,1,0,1,177
78309,AAL_01-31-2021-1-1,1/31/2021,VRAC,VRAC,VRAC,VRAC,0,001-45723484,BIOCARE,TRANSCARGO,TRANSCARGO,1,CARTON,SANG HUMAIN,MIAMI - FL,MIAMI - FL,PORT-AU-PRINCE,USA,USA,NORTH AMERICA,NA_SOUTH ATLANTIC,AA949,AIR TRANSPORT,AMERICAN AIRLINES,AIR,1,0,1,10
78012,AAL_AR_02-01-2021-1-1,2/1/2021,VRAC,VRAC,VRAC,VRAC,0,001-41996640,THOAI ANH CO LTD,NATIONAL TELECOM SA,NATIONAL TELECOM SA,43,CARTON,"ACCESSOIRE INFORMATIQUES, ELECTRONIQUES ET PARTIES",ST JOHN'S,MIAMI - FL,PORT-AU-PRINCE,CANADA,USA,NORTH AMERICA,NA_NORTHEAST,AA258,AIR TRANSPORT,AMERICAN AIRLINES,AIR,1,0,1,572
77764,AAL_AR_02-02-2021-1-1,2/2/2021,VRAC,VRAC,VRAC,VRAC,0,001-47266321,AMEX EXPORT-IMPORT GMBH,USAID HAITI,USAID HAITI,3,CARTON,SANG HUMAIN,MIAMI - FL,MIAMI - FL,PORT-AU-PRINCE,USA,USA,NORTH AMERICA,NA_SOUTH ATLANTIC,AA258,AIR TRANSPORT,AMERICAN AIRLINES,AIR,1,0,1,25
77423,ACA_AR_02-03-2021-1-1,2/3/2021,VRAC,VRAC,VRAC,VRAC,0,396-70202484,MARLINK,PROGRAMME ALIMENTAIRE MONDIAL (PAM),PROGRAMME ALIMENTAIRE MONDIAL (PAM),13,CARTON,"ACCESSOIRE INFORMATIQUES, ELECTRONIQUES ET PARTIES",POINTE A PITRE,POINTE A PITRE,PORT-AU-PRINCE,GUADELOUPE,GUADELOUPE,CARIBBEAN,CARIBBEAN,TX559,AIR TRANSPORT,AIR CARAIBES,AIR,1,0,1,2494
77135,AAL_AR_02-04-2021-1-1,2/4/2021,VRAC,VRAC,VRAC,VRAC,0,001-47661806,Q INTERNATIONAL COURIER LLC,CMS BINUH MINUJUSTH,CMS BINUH MINUJUSTH,1,CARTON,SANG HUMAIN,MIAMI - FL,MIAMI - FL,PORT-AU-PRINCE,USA,USA,NORTH AMERICA,NA_SOUTH ATLANTIC,AA949,AIR TRANSPORT,AMERICAN AIRLINES,AIR,1,0,1,15
76487,AAL_AR_02-05-2021-1-1,2/5/2021,VRAC,VRAC,VRAC,VRAC,0,001-44383485,SANOFI AVENTIS PANAMA SA,COMMERCE SA,COMMERCE SA,1,CARTON,PREPARATIONS ET ARTICLES PHARMACEUTIQUES,MIAMI - FL,MIAMI - FL,PORT-AU-PRINCE,USA,USA,NORTH AMERICA,NA_SOUTH ATLANTIC,AA377,AIR TRANSPORT,AMERICAN AIRLINES,AIR,1,0,1,3
76276,AAL_AR_02-06-2021-1-1,2/6/2021,VRAC,VRAC,VRAC,VRAC,0,001-54107793,DENK PHARMA GMBH CO LTD,MAISON ROGER DURET,MAISON ROGER DURET,59,CARTON,MEDICAMENT SOUS FORME DE DOSE (OU NON) OU POUR VENTE DETAIL,MIAMI - FL,MIAMI - FL,PORT-AU-PRINCE,USA,USA,NORTH AMERICA,NA_SOUTH ATLANTIC,AA949,AIR TRANSPORT,AMERICAN AIRLINES,AIR,1,0,1,779
75277,AGE_LF_02-07-2021-1-1,2/7/2021,VRAC,VRAC,VRAC,VRAC,0,1,INTERRA INTERNATIONAL LLC,CARRIBEX SA,CARRIBEX SA,1,"SACS, SACHETS",RIZ,RESERVE - LA,RESERVE - LA,LAFITO,USA,USA,NORTH AMERICA,NA_WEST SOUTH CENTRAL,S126,BALSA 91,AGENCE MARITIMES REUNIES,SEA,1,0,1,2000000
74967,AAL_AR_02-08-2021-1-1,2/8/2021,VRAC,VRAC,VRAC,VRAC,0,001-47153772,HENCHE E CIA LTDA,KHIANI SA,KHIANI SA,19,CARTON,CHAUSSURES NEUVES,MIAMI - FL,MIAMI - FL,PORT-AU-PRINCE,USA,USA,NORTH AMERICA,NA_SOUTH ATLANTIC,AA258,AIR TRANSPORT,AMERICAN AIRLINES,AIR,1,0,1,145
74133,AAL_AR_02-09-2021-1-1,2/9/2021,VRAC,VRAC,VRAC,VRAC,0,001-37127576,R-PAC HONG KONG LTD,CLEVELAND MANUFACTURING SA,CLEVELAND MANUFACTURING SA,23,CARTON,TISSUS ET ETOFFES POUR INDUSTRIE TEXTILE,MIAMI - FL,MIAMI - FL,PORT-AU-PRINCE,USA,USA,NORTH AMERICA,NA_SOUTH ATLANTIC,AA258,AIR TRANSPORT,AMERICAN AIRLINES,AIR,1,0,1,156
73862,AHE_AR_02-10-2021-10-1,2/10/2021,VRAC,VRAC,VRAC,VRAC,0,000 43418,GILBERT LEYS,BONHOMME JAMES,BONHOMME JAMES,1,CARTON,EFFETS PERSONNELS,MIAMI - FL,MIAMI - FL,PORT-AU-PRINCE,USA,USA,NORTH AMERICA,NA_SOUTH ATLANTIC,1003,AIR TRANSPORT,AIR HAITI EXPRESS,AIR,1,0,1,125
73405,AAL_AR_02-11-2021-1-1,2/11/2021,VRAC,VRAC,VRAC,VRAC,0,001-31591383,WORLD HEALTH ORGANIZATION,PROGRAMME ALIMENTAIRE MONDIAL (PAM),PROGRAMME ALIMENTAIRE MONDIAL (PAM),2,CARTON,AIDES HUMANITAIRES DIVERSES,MIAMI - FL,MIAMI - FL,PORT-AU-PRINCE,USA,USA,NORTH AMERICA,NA_SOUTH ATLANTIC,AA258,AIR TRANSPORT,AMERICAN AIRLINES,AIR,1,0,1,470
73154,BCS_AR_02-12-2021-10-1,2/12/2021,VRAC,VRAC,VRAC,VRAC,0,175-21675905,DORIAND CLAIRVIL,CHIMENE LABONTE,CHIMENE LABONTE,6,CARTON,EFFETS PERSONNELS,MIAMI - FL,MIAMI - FL,PORT-AU-PRINCE,USA,USA,NORTH AMERICA,NA_SOUTH ATLANTIC,CSQ701,AIR TRANSPORT,BORDERLINE CARGO SERVICE,AIR,1,0,1,63
73003,AGE_02-13-2021-1-1,2/13/2021,VRAC,VRAC,VRAC,VRAC,0,GMZJGPAP01,JIANGSU YONGGANG GROUP CO LTD,ING BANK NV AMSTERDAM,LES COULEURS INFINIES SA,2293,"PAQUET, COLIS","TUBES, TUYAUX ET ACCESSOIRES",FREEPORT,FREEPORT,PORT-AU-PRINCE,BAHAMAS,BAHAMAS,CARIBBEAN,CARIBBEAN,A20012,GOLDEN MARINE,AGENCE MARITIMES REUNIES,SEA,1,0,1,5154756
73001,PDV_02-14-2021_02-10-1,2/14/2021,VRAC,VRAC,VRAC,VRAC,0,2,BB ENERGY USA LLC,SOL HAITI,SOL HAITI,1,VRAC,ESSENCE POUR MOTEUR,FREEPORT,FREEPORT,PORT-AU-PRINCE,BAHAMAS,BAHAMAS,CARIBBEAN,CARIBBEAN,V.82,SILVER PHILIPPA,PDVSA RVAM,SEA,1,0,1,702391
72447,AAL_AR_02-15-2021-1-1,2/15/2021,VRAC,VRAC,VRAC,VRAC,0,001-98775526,NELMAR SECURITY PACKAGING SYSTEMS,DUTY FREE AMERICAS HAITI SA,DUTY FREE AMERICAS HAITI SA,2,CARTON,"EMBALLAGE PLASTIQUE, SAC ET SACHET PLASTIQUES",MIAMI - FL,MIAMI - FL,PORT-AU-PRINCE,USA,USA,NORTH AMERICA,NA_SOUTH ATLANTIC,AA258,AIR TRANSPORT,AMERICAN AIRLINES,AIR,1,0,1,781
71234,AAL_AR_02-16-2021_02-1-1,2/16/2021,VRAC,VRAC,VRAC,VRAC,0,001-23521606,BOLLORE LOGISTICS ROISSY PLATEFORME,CHATELAIN CARGO SERVICES,CHATELAIN CARGO SERVICES,2,CARTON,CONSOLIDATION,MIAMI - FL,MIAMI - FL,PORT-AU-PRINCE,USA,USA,NORTH AMERICA,NA_SOUTH ATLANTIC,AA949,AIR TRANSPORT,AMERICAN AIRLINES,AIR,1,0,1,125
71223,APA_02-19-2021-100-1,2/17/2021,VRAC,VRAC,VRAC,VRAC,0,024 58171,POMPONEAU CARENS,MICHAELLE DUBE,ACCORDIA SHIPPING,1,VEHICULE AUTOMOBILE,VOITURE D'OCCASION,MIAMI - FL,MIAMI - FL,ST MARC,USA,USA,NORTH AMERICA,NA_SOUTH ATLANTIC,24,VIKING ODESSA,AJ PLUS AGENCE MARITIME,SEA,1,0,1,1479
70972,AAL_AR_02-18-2021-1-1,2/18/2021,VRAC,VRAC,VRAC,VRAC,0,001-48082790,RILEY FUNERAL HOME INC,PAX VILLA FUNERAL HOME,PAX VILLA FUNERAL HOME,1,CARTON,DEPOUILLE MORTELLE,MIAMI - FL,MIAMI - FL,PORT-AU-PRINCE,USA,USA,NORTH AMERICA,NA_SOUTH ATLANTIC,AA258,AIR TRANSPORT,AMERICAN AIRLINES,AIR,1,0,1,142
70399,AAL_AR_02-19-2021-1-1,2/19/2021,VRAC,VRAC,VRAC,VRAC,0,001-42327250,TRINITY BIOTECH LTD,USAID AMERICAN EMBASSY,USAID AMERICAN EMBASSY,3,CARTON,REACTIF DE DIAGNOSTIC OU DE LABORATOIRE,MIAMI - FL,MIAMI - FL,PORT-AU-PRINCE,USA,USA,NORTH AMERICA,NA_SOUTH ATLANTIC,AA258,AIR TRANSPORT,AMERICAN AIRLINES,AIR,1,0,1,472
70191,AGE_TV_02-20-2021-1-1,2/20/2021,VRAC,VRAC,VRAC,VRAC,0,1,STEEL LINK BV,KINNOX HAITI,KINNOX SA,139,"PAQUET, COLIS","ROULEAUX METALLIQUES,BANDE DEPLOYEE",MARTAS,MARTAS,PORT-AU-PRINCE,TURKEY,TURKEY,EUROPE,SOUTHEASTERN EUROPE,Z782,CIELO DI SETO,AGENCE MARITIMES REUNIES,SEA,1,0,1,300950
69921,PDV_02-21-2021-1-1,2/21/2021,VRAC,VRAC,VRAC,VRAC,0,29A,PLAINS MIDSTREAM CANADA ULC,RUBIS EASTERN CARIBBEAN,RUBIS EASTERN CARIBBEAN,1,VRAC,PROPANE,TAMPA - FL,TAMPA - FL,PORT-AU-PRINCE,USA,USA,NORTH AMERICA,NA_SOUTH ATLANTIC,V.61,GAS FLAWLESS,PDVSA RVAM,SEA,1,0,1,424523
69802,AAL_AR_02-22-2021-1-1,2/22/2021,VRAC,VRAC,VRAC,VRAC,0,001-47790190,HENRICH AND CIA LTDA,KHIANI SA,KHIANI SA,10,CARTON,VETEMENTS ET ACCESSOIRES DE VETEMENTS POUR FEMME,MIAMI - FL,MIAMI - FL,PORT-AU-PRINCE,USA,USA,NORTH AMERICA,NA_SOUTH ATLANTIC,AA258,AIR TRANSPORT,AMERICAN AIRLINES,AIR,1,0,1,73
69116,AAL_AR_02-23-2021-1-1,2/23/2021,VRAC,VRAC,VRAC,VRAC,0,001-47790190,HENRICH AND CIA LTDA,KHIANI SA,KHIANI SA,10,CARTON,VETEMENTS ET ACCESSOIRES DE VETEMENTS POUR FEMME,MIAMI - FL,MIAMI - FL,PORT-AU-PRINCE,USA,USA,NORTH AMERICA,NA_SOUTH ATLANTIC,AA594,AIR TRANSPORT,AMERICAN AIRLINES,AIR,1,0,1,73
68289,BCS_AR_02-24-2021-10-1,2/24/2021,VRAC,VRAC,VRAC,VRAC,0,175-21683384,EMMANUEL FUNERAL HOME,LE PETIT CHATEAU ENTREPRISE FUNERAIRE,LE PETIT CHATEAU ENTREPRISE FUNERAIRE,1,CARTON,DEPOUILLE MORTELLE,MIAMI - FL,MIAMI - FL,PORT-AU-PRINCE,USA,USA,NORTH AMERICA,NA_SOUTH ATLANTIC,CSQ750,AIR TRANSPORT,BORDERLINE CARGO SERVICE,AIR,1,0,1,181
68099,AAL_AR_02-25-2021_01-1-1,2/25/2021,VRAC,VRAC,VRAC,VRAC,0,001-47696736,PRO IN PROCESSI INDUSTRIALI SRL,COMPAGNIE DE PRODUCTION ALIMENTAIRE ET DE DISTRIBUTION SA,COMPAGNIE DE PRODUCTION ALIMENTAIRE ET DE DISTRIBUTION SA,1,CARTON,"PARTIES, PIECES DE RECHANGE POUR MOTEUR",MIAMI - FL,MIAMI - FL,PORT-AU-PRINCE,USA,USA,NORTH AMERICA,NA_SOUTH ATLANTIC,AA258,AIR TRANSPORT,AMERICAN AIRLINES,AIR,1,0,1,90
67775,ANT_CH_02-26-2021-0-1,2/26/2021,VRAC,VRAC,VRAC,VRAC,0,1031032709,GUINCELY EUGENE,JEAN GUERMAIN,NOT AVAILABLE,1,PIECES,VOITURE D'OCCASION,MIAMI - FL,MIAMI - FL,CAP-HAITIEN,USA,USA,NORTH AMERICA,NA_SOUTH ATLANTIC,216S,PEPIN EXPRESS,ANTILLEAN MARINE SHIPPING CORP,SEA,1,0,1,6831
67350,ANT_02-27-2021-0-1,2/27/2021,CTN,40GP,DFSU6998815,DRY,2,2030100334,PETROQUIMICOS AUTOMOTRICES SRL,MARVCO,MARVCO,1658,PIECES,"HUILES LUBRIFIANTES, DE PETROLE POUR MOTEUR",RIO HAINA,RIO HAINA,PORT-AU-PRINCE,DOMINICAN REPUBLIC,DOMINICAN REPUBLIC,CARIBBEAN,CARIBBEAN,008N,K STORM,ANTILLEAN MARINE SHIPPING CORP,SEA,1,1,0,25965
67275,AHE_AR_02-28-2021-10-1,2/28/2021,VRAC,VRAC,VRAC,VRAC,0,345 27537381,LABDHI PHARMACEUTICALS LLP,DISPROPHAR SA,DISPROPHAR SA,36,CARTON,PREPARATIONS ET ARTICLES PHARMACEUTIQUES,MIAMI - FL,MIAMI - FL,PORT-AU-PRINCE,USA,USA,NORTH AMERICA,NA_SOUTH ATLANTIC,1003,AIR TRANSPORT,AIR HAITI EXPRESS,AIR,1,0,1,285
67120,AAL_AR_03-01-2021-1-1,3/1/2021,VRAC,VRAC,VRAC,VRAC,0,001-47982082,NURI TELECOM CO LTD,ELECTRICITE D'HAITI (EDH),ELECTRICITE D'HAITI (EDH),1,CARTON,MACHINES ET APPPAREILS A IMPRIMER,MIAMI - FL,MIAMI - FL,PORT-AU-PRINCE,USA,USA,NORTH AMERICA,NA_SOUTH ATLANTIC,AA258,AIR TRANSPORT,AMERICAN AIRLINES,AIR,1,0,1,72
66662,AAL_AR_03-02-2021-1-1,3/2/2021,VRAC,VRAC,VRAC,VRAC,0,001-48567971,NICNAT DIRECT INC,MARIE CARLINE CONFIDENT,MARIE CARLINE CONFIDENT,2,CARTON,EFFETS PERSONNELS,MIAMI - FL,MIAMI - FL,PORT-AU-PRINCE,USA,USA,NORTH AMERICA,NA_SOUTH ATLANTIC,AA258,AIR TRANSPORT,AMERICAN AIRLINES,AIR,1,0,1,36
66007,BCS_AR_03-03-2021-10-1,3/3/2021,VRAC,VRAC,VRAC,VRAC,0,175-21686534,BEST BUY,ALEXANDER MICHEL,ALEXANDER MICHEL,2,CARTON,EFFETS PERSONNELS,MIAMI - FL,MIAMI - FL,PORT-AU-PRINCE,USA,USA,NORTH AMERICA,NA_SOUTH ATLANTIC,CSQ701,AIR TRANSPORT,BORDERLINE CARGO SERVICE,AIR,1,0,1,96
65225,AAL_AR_03-04-2021-1-1,3/4/2021,VRAC,VRAC,VRAC,VRAC,0,001-44871960,DERMALOG IDENTIFICATION SYSTEMS GMB,OFFICE NATIONAL D'IDENTIFICATION,OFFICE NATIONAL D'IDENTIFICATION,2,CARTON,"ACCESSOIRE INFORMATIQUES, ELECTRONIQUES ET PARTIES",MIAMI - FL,MIAMI - FL,PORT-AU-PRINCE,USA,USA,NORTH AMERICA,NA_SOUTH ATLANTIC,AA949,AIR TRANSPORT,AMERICAN AIRLINES,AIR,1,0,1,178
64717,BCS_AR_03-05-2021-10-1,3/5/2021,VRAC,VRAC,VRAC,VRAC,0,175-21690572,WHOLE FOODS MARKET,JYOTHI ATLURI,JYOTHI ATLURI,3,CARTON,EFFETS PERSONNELS,MIAMI - FL,MIAMI - FL,PORT-AU-PRINCE,USA,USA,NORTH AMERICA,NA_SOUTH ATLANTIC,CSQ750,AIR TRANSPORT,BORDERLINE CARGO SERVICE,AIR,1,0,1,66
64692,AAL_AR_03-06-2021-1-1,3/6/2021,VRAC,VRAC,VRAC,VRAC,0,125-91312126,BEIRUT MOTORS FZE,MEDECINS SANS FRONTIERES,MEDECINS SANS FRONTIERES,6,CARTON,PIECES D'AUTO,MIAMI - FL,MIAMI - FL,PORT-AU-PRINCE,USA,USA,NORTH AMERICA,NA_SOUTH ATLANTIC,AA949,AIR TRANSPORT,AMERICAN AIRLINES,AIR,1,0,1,757
64388,APA_03-07-2021-100-1,3/7/2021,VRAC,VRAC,VRAC,VRAC,0,025 58230,ALISMA JEAN PATRICK,BOBILLOT JACQUES CEANT,ACCORDIA SHIPPING,1,VEHICULE AUTOMOBILE,VOITURE D'OCCASION,MIAMI - FL,MIAMI - FL,ST MARC,USA,USA,NORTH AMERICA,NA_SOUTH ATLANTIC,25,VIKING ODESSA,AJ PLUS AGENCE MARITIME,SEA,1,0,1,2177
63457,AAL_AR_03-08-2021-1-1,3/8/2021,VRAC,VRAC,VRAC,VRAC,0,001-47969294,MICHAEL LEWIS,AMERICAN AIRLINES,AMERICAN AIRLINES,1,CARTON,EFFETS PERSONNELS,MIAMI - FL,MIAMI - FL,PORT-AU-PRINCE,USA,USA,NORTH AMERICA,NA_SOUTH ATLANTIC,AA949,AIR TRANSPORT,AMERICAN AIRLINES,AIR,1,0,1,101
62715,AAL_AR_03-09-2021-1-1,3/9/2021,VRAC,VRAC,VRAC,VRAC,0,319-01266996,MARYUS HEALTHCARE PVT,DIPROPHAR,DISPROPHAR SA,18,CARTON,PREPARATIONS ET ARTICLES PHARMACEUTIQUES,MIAMI - FL,MIAMI - FL,PORT-AU-PRINCE,USA,USA,NORTH AMERICA,NA_SOUTH ATLANTIC,AA949,AIR TRANSPORT,AMERICAN AIRLINES,AIR,1,0,1,131
62642,ANT_03-10-2021-1-1,3/10/2021,VRAC,VRAC,VRAC,VRAC,0,1030132086,WILNA BLANCHET,MELISSA MOROSE,NOT AVAILABLE,1,PIECES,VOITURE D'OCCASION,MIAMI - FL,MIAMI - FL,PORT-AU-PRINCE,USA,USA,NORTH AMERICA,NA_SOUTH ATLANTIC,168S,BABUN EXPRESS,ANTILLEAN MARINE SHIPPING CORP,SEA,1,0,1,1563
61464,AAL_AR_03-11-2021-1-1,3/11/2021,VRAC,VRAC,VRAC,VRAC,0,001-48862074,AMERICAN AIRLINES,AMERICAN AIRLINES,AMERICAN AIRLINES,1,CARTON,PIECES D'AVION,MIAMI - FL,MIAMI - FL,PORT-AU-PRINCE,USA,USA,NORTH AMERICA,NA_SOUTH ATLANTIC,AA949,AIR TRANSPORT,AMERICAN AIRLINES,AIR,1,0,1,1
61251,AGE_03-12-2021-1-1,3/12/2021,VRAC,VRAC,VRAC,VRAC,0,MOLU18001918275,SUMITOMO CORPORATION POWER MOBILITY,CAPITAL BANK,COMPAGNIE HAITIENNE DE MOTEURS,3,VEHICULE AUTOMOBILE,VOITURE SUV NEUVE,YOKOHAMA,YOKOHAMA,PORT-AU-PRINCE,JAPAN,JAPAN,ASIA,EAST ASIA,0021E,KARIYUSHI LEADER,AGENCE MARITIMES REUNIES,SEA,1,0,1,4720
61111,AAL_AR_03-13-2021-1-1,3/13/2021,VRAC,VRAC,VRAC,VRAC,0,001-32393163,HUMAN GESELLSCHAFT BIOCHEMICA,ZANMI LASANTE,ZANMI LASANTE,11,CARTON,AIDES MEDICALES,MIAMI - FL,MIAMI - FL,PORT-AU-PRINCE,USA,USA,NORTH AMERICA,NA_SOUTH ATLANTIC,AA949,AIR TRANSPORT,AMERICAN AIRLINES,AIR,1,0,1,291
60787,AAL_AR_03-14-2021-1-1,3/14/2021,VRAC,VRAC,VRAC,VRAC,0,001-46818590,MEDSAFE INC,AMERICAN AIRLINES,AMERICAN AIRLINES,1,CARTON,EFFETS PERSONNELS,MIAMI - FL,MIAMI - FL,PORT-AU-PRINCE,USA,USA,NORTH AMERICA,NA_SOUTH ATLANTIC,AA949,AIR TRANSPORT,AMERICAN AIRLINES,AIR,1,0,1,5
60555,AAL_AR_03-15-2021-1-1,3/15/2021,VRAC,VRAC,VRAC,VRAC,0,001-47453954,OUTLAND LOGISTICS SA,CHATELAIN CARGO SERVICES,CHATELAIN CARGO SERVICES,1,CARTON,CONSOLIDATION,MIAMI - FL,MIAMI - FL,PORT-AU-PRINCE,USA,USA,NORTH AMERICA,NA_SOUTH ATLANTIC,AA377,AIR TRANSPORT,AMERICAN AIRLINES,AIR,0,0,1,0
60198,AAL_AR_03-16-2021-1-1,3/16/2021,VRAC,VRAC,VRAC,VRAC,0,001-49036046,HENRICH AND CIA LTDA,KHIANI SA,KHIANI SA,16,CARTON,VETEMENTS ET ACCESSOIRES DE VETEMENTS POUR FEMME,MIAMI - FL,MIAMI - FL,PORT-AU-PRINCE,USA,USA,NORTH AMERICA,NA_SOUTH ATLANTIC,AA949,AIR TRANSPORT,AMERICAN AIRLINES,AIR,1,0,1,144
59854,AAL_AR_03-17-2021-1-1,3/17/2021,VRAC,VRAC,VRAC,VRAC,0,001-49229202,AMERICAN AIRLINES,AMERICAN AIRLINES,AMERICAN AIRLINES,1,CARTON,PIECES D'AVION,MIAMI - FL,MIAMI - FL,PORT-AU-PRINCE,USA,USA,NORTH AMERICA,NA_SOUTH ATLANTIC,AA2307,AIR TRANSPORT,AMERICAN AIRLINES,AIR,1,0,1,1
59849,BCS_AR_03-18-2021-10-1,3/18/2021,VRAC,VRAC,VRAC,VRAC,0,175-21696124,WHOLE FOODS MARKET,JYOTHI ATLURI,JYOTHI ATLURI,2,CARTON,EFFETS PERSONNELS,MIAMI - FL,MIAMI - FL,PORT-AU-PRINCE,USA,USA,NORTH AMERICA,NA_SOUTH ATLANTIC,CSQ701,AIR TRANSPORT,BORDERLINE CARGO SERVICE,AIR,1,0,1,59
59567,BCS_AR_03-19-2021-10-1,3/19/2021,VRAC,VRAC,VRAC,VRAC,0,175-21702354,WRISTBAND RESOURCES,ROYAL DECAMERON INDIGO BEACH & SP,ROYAL DECAMERON INDIGO BEACH & SP,12,CARTON,EFFETS PERSONNELS,MIAMI - FL,MIAMI - FL,PORT-AU-PRINCE,USA,USA,NORTH AMERICA,NA_SOUTH ATLANTIC,KII750,AIR TRANSPORT,BORDERLINE CARGO SERVICE,AIR,1,0,1,141
59060,AAL_AR_03-20-2021-1-1,3/20/2021,VRAC,VRAC,VRAC,VRAC,0,001-32393185,HUMAN GESELLSCHAFT BIOCHEMICA,ST BONIFACE HAITI FOUNDATION,ST BONIFACE HAITI FOUNDATION,2,CARTON,AIDES MEDICALES,MIAMI - FL,MIAMI - FL,PORT-AU-PRINCE,USA,USA,NORTH AMERICA,NA_SOUTH ATLANTIC,AA949,AIR TRANSPORT,AMERICAN AIRLINES,AIR,1,0,1,82
58361,AAL_AR_03-21-2021_01-1-1,3/21/2021,VRAC,VRAC,VRAC,VRAC,0,001-49229294,AMERICAN AIRLINES,AMERICAN AIRLINES,AMERICAN AIRLINES,5,CARTON,PIECES D'AVION,MIAMI - FL,MIAMI - FL,PORT-AU-PRINCE,USA,USA,NORTH AMERICA,NA_SOUTH ATLANTIC,AA504,AIR TRANSPORT,AMERICAN AIRLINES,AIR,1,0,1,129
58120,AAL_AR_03-22-2021_01-1-1,3/22/2021,VRAC,VRAC,VRAC,VRAC,0,001-49231265,AMERICAN AIRLINES,AMERICAN AIRLINES,AMERICAN AIRLINES,1,CARTON,PIECES D'AVION,MIAMI - FL,MIAMI - FL,PORT-AU-PRINCE,USA,USA,NORTH AMERICA,NA_SOUTH ATLANTIC,AA2307,AIR TRANSPORT,AMERICAN AIRLINES,AIR,1,0,1,26
56874,AAL_AR_03-23-2021_02-1-1,3/23/2021,VRAC,VRAC,VRAC,VRAC,0,001-41663145,SOFRAI,VFM,VFM,1,CARTON,"APPAREILLAGE POUR COUPURE, PROTECTION(RELAIS, DISJONCTEUR.)",MIAMI - FL,MIAMI - FL,PORT-AU-PRINCE,USA,USA,NORTH AMERICA,NA_SOUTH ATLANTIC,AA377,AIR TRANSPORT,AMERICAN AIRLINES,AIR,1,0,1,4
56358,BCS_AR_03-24-2021-10-1,3/24/2021,VRAC,VRAC,VRAC,VRAC,0,175-21703990,MARC JEAN PIERRE,INNDY FLEURIME,INNDY FLEURIME,2,CARTON,EFFETS PERSONNELS,MIAMI - FL,MIAMI - FL,PORT-AU-PRINCE,USA,USA,NORTH AMERICA,NA_SOUTH ATLANTIC,CSQ750,AIR TRANSPORT,BORDERLINE CARGO SERVICE,AIR,1,0,1,27
56200,ANT_03-25-2021-0-1,3/25/2021,VRAC,VRAC,VRAC,VRAC,0,1030132091,AGA GROUP & ASSOCIATES INC,YDER BENOIT,NOT AVAILABLE,1,PIECES,CHASSIS ET ACCESSOIRES DE CHASSIS,MIAMI - FL,MIAMI - FL,PORT-AU-PRINCE,USA,USA,NORTH AMERICA,NA_SOUTH ATLANTIC,218S,PEPIN EXPRESS,ANTILLEAN MARINE SHIPPING CORP,SEA,1,0,1,6078
55520,AME_AR_03-26-2021-100-1,3/26/2021,VRAC,VRAC,VRAC,VRAC,0,810-89668526,MSF LOGISTIQUE,MEDECINS SANS FRONTIERES,MEDECINS SANS FRONTIERES,90,PALETTE,AIDES MEDICALES,MIAMI - FL,MIAMI - FL,PORT-AU-PRINCE,USA,USA,NORTH AMERICA,NA_SOUTH ATLANTIC,8535/0001,AIR TRANSPORT,AMERIJET,AIR,1,0,1,1019
55148,BCS_AR_03-27-2021-10-1,3/27/2021,VRAC,VRAC,VRAC,VRAC,0,175-21705316,CERTIFIED DIAGNOSTICS,BIOMED SA,BIOMED SA,1,CARTON,REACTIF DE DIAGNOSTIC OU DE LABORATOIRE,MIAMI - FL,MIAMI - FL,PORT-AU-PRINCE,USA,USA,NORTH AMERICA,NA_SOUTH ATLANTIC,CSQ750,AIR TRANSPORT,BORDERLINE CARGO SERVICE,AIR,1,0,1,10
54784,HSS_03-28-2021-1-1,3/28/2021,VRAC,VRAC,VRAC,VRAC,0,1,MEDCEM GLOBAL PAZARLAMA,CIMENTERIE NATIONALE SEM,CIMENTERIE NATIONALE SEM,1,VRAC,CLINKER,ISTANBUL,ISTANBUL,FOND MONBIN,TURKEY,TURKEY,EUROPE,SOUTHEASTERN EUROPE,44217,ORIENT TIGER,LES ENTREPRISES HAITI SHIPPING,SEA,1,0,1,27500000
54631,AME_AR_03-29-2021-10-1,3/29/2021,VRAC,VRAC,VRAC,VRAC,0,810-40948003,RAOUL ORISME,ORCINO MALIVERT,ORCINO MALIVERT,13,PALETTE,EFFETS PERSONNELS,MIAMI - FL,MIAMI - FL,PORT-AU-PRINCE,USA,USA,NORTH AMERICA,NA_SOUTH ATLANTIC,8133/0001,AIR TRANSPORT,AMERIJET,AIR,1,0,1,128
54206,AGE_03-30-2021-1-1,3/30/2021,VRAC,VRAC,VRAC,VRAC,0,MOLU18001946791,ITOCHU CORPORATION,LES MOTEURS REUNIS,LES MOTEURS REUNIS,4,VEHICULE AUTOMOBILE,VOITURE SUV NEUVE,YOKOHAMA,YOKOHAMA,PORT-AU-PRINCE,JAPAN,JAPAN,ASIA,EAST ASIA,098E,SOUTHERN HIGHWAY,AGENCE MARITIMES REUNIES,SEA,1,0,1,8160
53886,BCS_AR_03-31-2021-10-1,3/31/2021,VRAC,VRAC,VRAC,VRAC,0,175-21710463,AGA ELECTRONICS CORP,STEVIA AGRO INDUSTRIE SA,STEVIA AGRO INDUSTRIE SA,1,CARTON,PIECES ET PARTIES MECANIQUES,MIAMI - FL,MIAMI - FL,PORT-AU-PRINCE,USA,USA,NORTH AMERICA,NA_SOUTH ATLANTIC,CSQ750,AIR TRANSPORT,BORDERLINE CARGO SERVICE,AIR,1,0,1,585
53841,AAL_AR_04-01-2021-1-1,4/1/2021,VRAC,VRAC,VRAC,VRAC,0,001-33757150,SANOFI PASTEUR,IMEDIS,IMEDIS,5,CARTON,"ANTISERUMS HUMAINS,VACCINS,SERUM",MIAMI - FL,MIAMI - FL,PORT-AU-PRINCE,USA,USA,NORTH AMERICA,NA_SOUTH ATLANTIC,AA258,AIR TRANSPORT,AMERICAN AIRLINES,AIR,1,0,1,140
53631,AAL_AR_04-02-2021-1-1,4/2/2021,VRAC,VRAC,VRAC,VRAC,0,001-48568085,NICNAT DIRECT INC,WANDER JOSEPH,WANDER JOSEPH,3,CARTON,EFFETS PERSONNELS,MIAMI - FL,MIAMI - FL,PORT-AU-PRINCE,USA,USA,NORTH AMERICA,NA_SOUTH ATLANTIC,AA2854,AIR TRANSPORT,AMERICAN AIRLINES,AIR,1,0,1,45
53371,AAL_AR_04-03-2021-1-1,4/3/2021,VRAC,VRAC,VRAC,VRAC,0,001-42450715,MEDINOVA AG,LES ENTREPRISES MAXIMILIEN SA,LES ENTREPRISES MAXIMILIEN SA,4,CARTON,PREPARATIONS ET ARTICLES PHARMACEUTIQUES,MIAMI - FL,MIAMI - FL,PORT-AU-PRINCE,USA,USA,NORTH AMERICA,NA_SOUTH ATLANTIC,AA2854,AIR TRANSPORT,AMERICAN AIRLINES,AIR,1,0,1,134
52689,AAL_AR_04-04-2021-1-1,4/4/2021,VRAC,VRAC,VRAC,VRAC,0,001-42912730,JET INC,US EMBASSY PORT AU PRINCE,US EMBASSY PORT AU PRINCE,1,CARTON,EFFETS PERSONNELS,MIAMI - FL,MIAMI - FL,PORT-AU-PRINCE,USA,USA,NORTH AMERICA,NA_SOUTH ATLANTIC,AA2854,AIR TRANSPORT,AMERICAN AIRLINES,AIR,1,0,1,461
52355,AME_AR_04-05-2021-100-1,4/5/2021,VRAC,VRAC,VRAC,VRAC,0,810-89358496,VCK LOGISTICS AIRFREIGHT,MEDECINS SANS FRONTIERES,MEDECINS SANS FRONTIERES,2,PALETTE,AIDES MEDICALES,MIAMI - FL,MIAMI - FL,PORT-AU-PRINCE,USA,USA,NORTH AMERICA,NA_SOUTH ATLANTIC,8133/0001,AIR TRANSPORT,AMERIJET,AIR,1,0,1,84
51766,AAL_AR_04-06-2021_01-1-1,4/6/2021,VRAC,VRAC,VRAC,VRAC,0,001-21031511,ABAXIS INC,AMERICAN EMBASSY,AMERICAN EMBASSY,2,CARTON,REACTIF DE DIAGNOSTIC OU DE LABORATOIRE,MIAMI - FL,MIAMI - FL,PORT-AU-PRINCE,USA,USA,NORTH AMERICA,NA_SOUTH ATLANTIC,AA2854,AIR TRANSPORT,AMERICAN AIRLINES,AIR,1,0,1,13
51487,AAL_AR_04-07-2021-1-1,4/7/2021,VRAC,VRAC,VRAC,VRAC,0,001-44317663,CATERPILLAR LTD,HAYTIAN TRACTOR EQUIPMENT,HAYTIAN TRACTOR EQUIPMENT,1,CARTON,MOTEUR AUTOMOBILE,MIAMI - FL,MIAMI - FL,PORT-AU-PRINCE,USA,USA,NORTH AMERICA,NA_SOUTH ATLANTIC,AA2854,AIR TRANSPORT,AMERICAN AIRLINES,AIR,1,0,1,143
51083,AAL_AR_04-08-2021-1-1,4/8/2021,VRAC,VRAC,VRAC,VRAC,0,001-49725270,DHL GLOBAL FORWARDING PANAMA SA,MAISON APOLLON,MAISON APOLLON,10,CARTON,PREPARATIONS ET ARTICLES PHARMACEUTIQUES,MIAMI - FL,MIAMI - FL,PORT-AU-PRINCE,USA,USA,NORTH AMERICA,NA_SOUTH ATLANTIC,AA2854,AIR TRANSPORT,AMERICAN AIRLINES,AIR,1,0,1,97
50516,AAL_AR_04-09-2021-1-1,4/9/2021,VRAC,VRAC,VRAC,VRAC,0,001-31858282,FLAVOR INFUSION INTERNATIONAL SA,CANNEX SA,CANNEX SA,3,CARTON,AROME,MIAMI - FL,MIAMI - FL,PORT-AU-PRINCE,USA,USA,NORTH AMERICA,NA_SOUTH ATLANTIC,AA2854,AIR TRANSPORT,AMERICAN AIRLINES,AIR,1,0,1,74
50157,AAL_AR_04-10-2021-1-1,4/10/2021,VRAC,VRAC,VRAC,VRAC,0,001-44005592,DAIHATSU DIESEL,LAFITO INDUSTRIAL FREE ZONE SA,LAFITO INDUSTRIAL FREE ZONE SA,2,CARTON,PIECES DE TRACTEUR,OSAKA,MIAMI - FL,PORT-AU-PRINCE,JAPAN,USA,ASIA,EAST ASIA,AA2854,AIR TRANSPORT,AMERICAN AIRLINES,AIR,1,0,1,30
50033,SBD_04-11-2021-75-1,4/11/2021,VRAC,VRAC,VRAC,VRAC,0,6547742A,INTERAMERICANA TRADING CORP,CARIBE MOTORS SA,CARIBE MOTORS SA,3,VEHICULE AUTOMOBILE,VOITURE NEUVE,MIAMI - FL,MIAMI - FL,LAFITO,USA,USA,NORTH AMERICA,NA_SOUTH ATLANTIC,187S,PANJANG,SEABOARD MARINE,SEA,1,0,1,7711
49879,AGE_LF_04-12-2021-1-1,4/12/2021,VRAC,VRAC,VRAC,VRAC,0,CHIHAI01,ITOCHU CORPORATION,BMPAD,BMPAD,107759,SACS EN MATIERE PLASTIQUE,RIZ,OSAKA,YOKOHAMA,LAFITO,JAPAN,JAPAN,ASIA,EAST ASIA,1906040010,PACIFICA,AGENCE MARITIMES REUNIES,SEA,1,0,1,3060816
49136,AAL_AR_04-13-2021-1-1,4/13/2021,VRAC,VRAC,VRAC,VRAC,0,319-01460421,CIPLA LTD,OHMASS,OHMASS,6,CARTON,PREPARATIONS ET ARTICLES PHARMACEUTIQUES,MIAMI - FL,MIAMI - FL,PORT-AU-PRINCE,USA,USA,NORTH AMERICA,NA_SOUTH ATLANTIC,AA2854,AIR TRANSPORT,AMERICAN AIRLINES,AIR,1,0,1,782
49107,AAL_AR_04-14-2021_02-1-1,4/14/2021,VRAC,VRAC,VRAC,VRAC,0,001-33323043,MMS MUEHLENSTRASSE,ELECTRICITE D'HAITI (EDH),ELECTRICITE D'HAITI (EDH),1,CARTON,POMPE,MIAMI - FL,MIAMI - FL,PORT-AU-PRINCE,USA,USA,NORTH AMERICA,NA_SOUTH ATLANTIC,AA2854,AIR TRANSPORT,AMERICAN AIRLINES,AIR,1,0,1,147
48714,AAL_AR_04-15-2021-1-1,4/15/2021,VRAC,VRAC,VRAC,VRAC,0,001-48030872,CHARIS,JEAN PATRICK RAYMOND,JEAN PATRICK RAYMOND,7,CARTON,EFFETS PERSONNELS,MIAMI - FL,MIAMI - FL,PORT-AU-PRINCE,USA,USA,NORTH AMERICA,NA_SOUTH ATLANTIC,AA2854,AIR TRANSPORT,AMERICAN AIRLINES,AIR,1,0,1,130
48292,AAL_AR_04-16-2021-1-1,4/16/2021,VRAC,VRAC,VRAC,VRAC,0,001-49881263,AMERICAN AIRLINES,AMERICAN AIRLINES,AMERICAN AIRLINES,14,CARTON,EFFETS PERSONNELS,MIAMI - FL,MIAMI - FL,PORT-AU-PRINCE,USA,USA,NORTH AMERICA,NA_SOUTH ATLANTIC,AA2854,AIR TRANSPORT,AMERICAN AIRLINES,AIR,1,0,1,103
48140,AAL_AR_04-17-2021-1-1,4/17/2021,VRAC,VRAC,VRAC,VRAC,0,001-42913183,JET INC,US EMBASSY HAITI,US EMBASSY HAITI,2,CARTON,EFFETS PERSONNELS,MIAMI - FL,MIAMI - FL,PORT-AU-PRINCE,USA,USA,NORTH AMERICA,NA_SOUTH ATLANTIC,AA2854,AIR TRANSPORT,AMERICAN AIRLINES,AIR,1,0,1,563
47470,AAL_AR_04-18-2021-1-1,4/18/2021,VRAC,VRAC,VRAC,VRAC,0,001-32393244,HUMAN GESELLSCHAFT BIOCHEMICA,ZANMI LASANTE,ZANMI LASANTE,2,CARTON,AIDES MEDICALES,HAMBURG,MIAMI - FL,PORT-AU-PRINCE,GERMANY,USA,EUROPE,CENTRAL EUROPE,AA2854,AIR TRANSPORT,AMERICAN AIRLINES,AIR,1,0,1,16
47143,AAL_AR_04-19-2021-1-1,4/19/2021,VRAC,VRAC,VRAC,VRAC,0,001-49036072,PACIFIC SHOES AND CALCADOS,KHIANI SA,KHIANI SA,36,CARTON,CHAUSSURES NEUVES,SANTOS,MIAMI - FL,PORT-AU-PRINCE,BRAZIL,USA,SOUTH AMERICA,SOUTH AMERICA,AA2854,AIR TRANSPORT,AMERICAN AIRLINES,AIR,1,0,1,192
46216,AAL_AR_04-20-2021-1-1,4/20/2021,VRAC,VRAC,VRAC,VRAC,0,001-81588356,ABBOTT MOLECULAR INC,USAID AMERICAN EMBASSY,USAID AMERICAN EMBASSY,1,CARTON,AIDES MEDICALES,MIAMI - FL,MIAMI - FL,PORT-AU-PRINCE,USA,USA,NORTH AMERICA,NA_SOUTH ATLANTIC,AA2854,AIR TRANSPORT,AMERICAN AIRLINES,AIR,1,0,1,395
46123,AAL_AR_04-21-2021-1-1,4/21/2021,VRAC,VRAC,VRAC,VRAC,0,001-47311670,ATCC GOVCON IRR,LABORATOIRE NATIONAL DE LA SANTE PUBLIQUE,LABORATOIRE NATIONAL DE LA SANTE PUBLIQUE,1,CARTON,MATERIEL POUR MEDECINE ET LABORATOIRE,MIAMI - FL,MIAMI - FL,PORT-AU-PRINCE,USA,USA,NORTH AMERICA,NA_SOUTH ATLANTIC,AA2854,AIR TRANSPORT,AMERICAN AIRLINES,AIR,1,0,1,40
45925,AAL_AR_04-22-2021-1-1,4/22/2021,VRAC,VRAC,VRAC,VRAC,0,001-43088021,SANTE NATURELLE AG LTEE,LES ENTREPRISES MAXIMILIEN SA,LES ENTREPRISES MAXIMILIEN SA,4,CARTON,"PROVITAMINES OU VITAMINES, ADDITIFS ALIMENTAIRES",MONTREAL,MIAMI - FL,PORT-AU-PRINCE,CANADA,USA,NORTH AMERICA,NA_NORTHEAST,AA2854,AIR TRANSPORT,AMERICAN AIRLINES,AIR,1,0,1,419
44972,AAL_AR_04-23-2021-1-1,4/23/2021,VRAC,VRAC,VRAC,VRAC,0,001-49414411,HOTBRAY LTD,CARIBE MOTORS SA,CARIBE MOTORS SA,1,CARTON,PIECES D'AUTO,LONDON,MIAMI - FL,PORT-AU-PRINCE,UNITED KINGDOM,USA,EUROPE,WESTERN EUROPE,AA2854,AIR TRANSPORT,AMERICAN AIRLINES,AIR,1,0,1,107
44754,CRO_TK_04-24-2021-1-1,4/24/2021,VRAC,VRAC,VRAC,VRAC,0,HOEG5F89DUSD000,FMCSA FOR THE ACCOUNT OF FORD TRADING COMPANY LLC,LES MOTEURS REUNIS,LES MOTEURS REUNIS,6,VEHICULE AUTOMOBILE,VOITURE SUV NEUVE,MICHIGAN CITY - IN,RIO HAINA,PORT-AU-PRINCE,USA,DOMINICAN REPUBLIC,NORTH AMERICA,NA_EAST NORTH CENTRAL,89,LAND TRANSPORT,CROWLEY LINER SERVICES INC,LAND,1,0,1,13578
44463,SBD_04-25-2021-62-1,4/25/2021,VRAC,VRAC,VRAC,VRAC,0,6562033A,MOUDY BLANCHET,MOUDY BLANCHET,MOUDY BLANCHET,1,VEHICULE AUTOMOBILE,CAMION D'OCCASION,MIAMI - FL,MIAMI - FL,LAFITO,USA,USA,NORTH AMERICA,NA_SOUTH ATLANTIC,189S,PANJANG,SEABOARD MARINE,SEA,1,0,1,11295
44274,AME_AR_04-26-2021-10-1,4/26/2021,VRAC,VRAC,VRAC,VRAC,0,810-40975126,MARGARET GADELIN,RONEL DEROSIER,RONEL DEROSIER,1,PALETTE,EFFETS PERSONNELS,MIAMI - FL,MIAMI - FL,PORT-AU-PRINCE,USA,USA,NORTH AMERICA,NA_SOUTH ATLANTIC,8133/0001,AIR TRANSPORT,AMERIJET,AIR,1,0,1,10
43528,ANT_CH_04-27-2021-0-1,4/27/2021,VRAC,VRAC,VRAC,VRAC,0,1031032947,CARIBBEAN PORT MANAGEMENT INC,PRESTIGE SHIP SERVICES SA,NOT AVAILABLE,1,PIECES,"PLATEAU METALLIQUE POUR CAMION, REMORQUE",MIAMI - FL,MIAMI - FL,CAP-HAITIEN,USA,USA,NORTH AMERICA,NA_SOUTH ATLANTIC,192S,SARA REGINA,ANTILLEAN MARINE SHIPPING CORP,SEA,1,0,1,12020
43259,AME_AR_04-28-2021-10-1,4/28/2021,VRAC,VRAC,VRAC,VRAC,0,810-40977230,FLORIDA PURCHASING AGENCY,ACIERIE D'HAITI SA,ACIERIE D'HAITI SA,1,PALETTE,"ACCESSOIRE INFORMATIQUES, ELECTRONIQUES ET PARTIES",MIAMI - FL,MIAMI - FL,PORT-AU-PRINCE,USA,USA,NORTH AMERICA,NA_SOUTH ATLANTIC,8339/0001,AIR TRANSPORT,AMERIJET,AIR,1,0,1,2
43126,BCS_AR_04-29-2021_01-1-1,4/29/2021,VRAC,VRAC,VRAC,VRAC,0,Z17-0429500P,MISSIONARY FLIGHTS INT'L,MISSION DES FRERES INDEPENDANTS MFI,MISSION DES FRERES INDEPENDANTS MFI,48,CARTON,AIDES HUMANITAIRES DIVERSES,MIAMI - FL,MIAMI - FL,PORT-AU-PRINCE,USA,USA,NORTH AMERICA,NA_SOUTH ATLANTIC,0429-500-P,AIR TRANSPORT,BORDERLINE CARGO SERVICE,AIR,1,0,1,200
42979,AAL_AR_04-30-2021_02-1-1,4/30/2021,VRAC,VRAC,VRAC,VRAC,0,001-47923330,CH ROBINSON MIA GATEWAY,HAITI INTERNATIONAL FORWARDING SA,HAITI INTERNATIONAL FORWARDING SA,1,CARTON,CONSOLIDATION,MIAMI - FL,MIAMI - FL,PORT-AU-PRINCE,USA,USA,NORTH AMERICA,NA_SOUTH ATLANTIC,AA2854,AIR TRANSPORT,AMERICAN AIRLINES,AIR,1,0,1,155
42693,AHE_AR_05-01-2021-10-1,5/1/2021,VRAC,VRAC,VRAC,VRAC,0,000 43475,FIDELE EXANTUS,JEANNOT NICOLAS JAMES,JEANNOT NICOLAS JAMES,6,CARTON,EFFETS PERSONNELS,MIAMI - FL,MIAMI - FL,PORT-AU-PRINCE,USA,USA,NORTH AMERICA,NA_SOUTH ATLANTIC,1003,AIR TRANSPORT,AIR HAITI EXPRESS,AIR,1,0,1,52
42525,HSS_05-02-2021-1-1,5/2/2021,VRAC,VRAC,VRAC,VRAC,0,CTGEXP1457,ZONA FRANCA ARGOS SAS,CIMENTERIE NATIONALE SEM,CIMENTERIE NATIONALE SEM,1,VRAC,"CIMENTS PULVERISES OU NON,PORTLAND,ALUMINEUX ET AUTRES",CARTAGENA,CARTAGENA,FOND MONBIN,COLOMBIA,COLOMBIA,SOUTH AMERICA,SOUTH AMERICA,86,NACC PANAREA,LES ENTREPRISES HAITI SHIPPING,SEA,1,0,1,3300170
42358,ADE_TV_05-03-2021-1-1,5/3/2021,VRAC,VRAC,VRAC,VRAC,0,PAP-01A,MESKAY & FEMTEE TRADING,HABIB METROPOLITAN,FOCUS IMPORT-EXPORT,80000,SACS EN MATIERE PLASTIQUE,RIZ,QASIM,QASIM,PORT-AU-PRINCE,PAKISTAN,PAKISTAN,ASIA,SOUTH ASIA,2,POLA ARIAKE,ADEKO,SEA,1,0,1,2006400
41513,AAL_AR_05-04-2021_01-1-1,5/4/2021,VRAC,VRAC,VRAC,VRAC,0,001-50440364,DEY AIRFREIGHT INC,ALAN ABAD,ALAN ABAD,7,CARTON,EFFETS PERSONNELS,MIAMI - FL,MIAMI - FL,PORT-AU-PRINCE,USA,USA,NORTH AMERICA,NA_SOUTH ATLANTIC,AA377,AIR TRANSPORT,AMERICAN AIRLINES,AIR,1,0,1,269
41236,AAL_AR_05-05-2021_01-1-1,5/5/2021,VRAC,VRAC,VRAC,VRAC,0,001-48380511,SOFRAI,V&F CONSTRUCTION SA,V&F CONSTRUCTION SA,1,CARTON,CONSOLIDATION,MIAMI - FL,MIAMI - FL,PORT-AU-PRINCE,USA,USA,NORTH AMERICA,NA_SOUTH ATLANTIC,AA2854,AIR TRANSPORT,AMERICAN AIRLINES,AIR,1,0,1,18
40514,AAL_AR_05-06-2021-1-1,5/6/2021,VRAC,VRAC,VRAC,VRAC,0,001-50799630,AMERICAN AIRLINES,RACHEL MADHERE CARLOS FELIZ,RACHEL MADHERE CARLOS FELIZ,7,CARTON,EFFETS PERSONNELS,MIAMI - FL,MIAMI - FL,PORT-AU-PRINCE,USA,USA,NORTH AMERICA,NA_SOUTH ATLANTIC,AA949,AIR TRANSPORT,AMERICAN AIRLINES,AIR,1,0,1,45
40245,AAL_AR_05-07-2021_01-1-1,5/7/2021,VRAC,VRAC,VRAC,VRAC,0,001-50804401,PROCTER & GAMBLE INTERAMERICAS,MAISON APOLLON,MAISON APOLLON,8,CARTON,PREPARATIONS ET ARTICLES PHARMACEUTIQUES,MANZANILLO - PA,MIAMI - FL,PORT-AU-PRINCE,PANAMA,USA,CENTRAL AMERICA,CENTRAL AMERICA,AA949,AIR TRANSPORT,AMERICAN AIRLINES,AIR,1,0,1,66
39390,AAL_AR_05-08-2021-1-1,5/8/2021,VRAC,VRAC,VRAC,VRAC,0,230-40389123,BIOCON DEL PERU S A C,CARIBBEAN SAUSAGE COMPANY SA,CARIBBEAN SAUSAGE COMPANY SA,5,CARTON,COLORANTS ALIMENTAIRES,CALLAO,MIAMI - FL,PORT-AU-PRINCE,PERU,USA,SOUTH AMERICA,SOUTH AMERICA,AA2928,AIR TRANSPORT,AMERICAN AIRLINES,AIR,1,0,1,107
39321,SBD_05-09-2021-55-1,5/9/2021,VRAC,VRAC,VRAC,VRAC,0,6574306A,CHATELAIN CARGO SERVICES,CHATELAIN CARGO SERVICES,CHATELAIN CARGO SERVICES,4,VEHICULE AUTOMOBILE,VOITURE NEUVE,MIAMI - FL,MIAMI - FL,LAFITO,USA,USA,NORTH AMERICA,NA_SOUTH ATLANTIC,16S,RHL ALGILITAS,SEABOARD MARINE,SEA,1,0,1,9600
38352,AAL_AR_05-10-2021-1-1,5/10/2021,VRAC,VRAC,VRAC,VRAC,0,001-49715466,CATERPILLAR NI LTD,HAYTIAN TRACTOR EQUIPMENT,HAYTIAN TRACTOR EQUIPMENT,1,CARTON,PIECES DE TRACTEUR,MIAMI - FL,MIAMI - FL,PORT-AU-PRINCE,USA,USA,NORTH AMERICA,NA_SOUTH ATLANTIC,AA949,AIR TRANSPORT,AMERICAN AIRLINES,AIR,1,0,1,54
38147,APA_05-11-2021-100-1,5/11/2021,VRAC,VRAC,VRAC,VRAC,0,021 63589,BOURDEAU CAMELIA,PIERROT TELUS,ACCORDIA SHIPPING,1,VEHICULE AUTOMOBILE,VOITURE D'OCCASION,MIAMI - FL,MIAMI - FL,ST MARC,USA,USA,NORTH AMERICA,NA_SOUTH ATLANTIC,21,MIDAS,AJ PLUS AGENCE MARITIME,SEA,1,0,1,2427
37770,AGE_05-12-2021-1-1,5/12/2021,VRAC,VRAC,VRAC,VRAC,0,1949HAIT-001,GULF SOUTH FOREST PRODUCTS INC,LES COULEURS INFINIES SA,LES COULEURS INFINIES SA,536,"PAQUET, COLIS",BOIS DE CHARPENTE,PORT ALABAMA - AL,PORT ALABAMA - AL,PORT-AU-PRINCE,USA,USA,NORTH AMERICA,NA_EAST SOUTH CENTRAL,OCC1949,VECTIS EAGLE,AGENCE MARITIMES REUNIES,SEA,1,0,1,890045
37545,AAL_AR_05-13-2021-1-1,5/13/2021,VRAC,VRAC,VRAC,VRAC,0,001-50357322,NERESE TRUCKS AND EXPORTS,JEANOLMY JULES,JEANOLMY JULES,1,CARTON,EFFETS PERSONNELS,MIAMI - FL,MIAMI - FL,PORT-AU-PRINCE,USA,USA,NORTH AMERICA,NA_SOUTH ATLANTIC,AA949,AIR TRANSPORT,AMERICAN AIRLINES,AIR,1,0,1,9
37402,AAL_AR_05-14-2021-1-1,5/14/2021,VRAC,VRAC,VRAC,VRAC,0,001-50197453,NUTRISET SA,MEDS & FOOD FOR KIDS,MEDS & FOOD FOR KIDS,1,CARTON,PIECES ET PARTIES MECANIQUES,MIAMI - FL,MIAMI - FL,PORT-AU-PRINCE,USA,USA,NORTH AMERICA,NA_SOUTH ATLANTIC,AA 949,AIR TRANSPORT,AMERICAN AIRLINES,AIR,1,0,1,33
36811,AHE_AR_05-15-2021-10-1,5/15/2021,VRAC,VRAC,VRAC,VRAC,0,000 43487,EMEX INC,EMEX SA,EMEX SA,4,CARTON,ANIMAUX VIVANTS,MIAMI - FL,MIAMI - FL,PORT-AU-PRINCE,USA,USA,NORTH AMERICA,NA_SOUTH ATLANTIC,1003,AIR TRANSPORT,AIR HAITI EXPRESS,AIR,1,0,1,27
36615,AGE_LF_05-16-2021-1-1,5/16/2021,VRAC,VRAC,VRAC,VRAC,0,1,CARGILL AMERICAS INC,HAITI BROILER SA,HAITI BROILER SA,1,VRAC,PREPARTIONS DES TYPES UTILISES POUR ALIMENTATION DES ANIMAUX,RESERVE - LA,RESERVE - LA,LAFITO,USA,USA,NORTH AMERICA,NA_WEST SOUTH CENTRAL,21005,UBC TILBURY,AGENCE MARITIMES REUNIES,SEA,1,0,1,500000
36455,AAL_AR_05-17-2021-1-1,5/17/2021,VRAC,VRAC,VRAC,VRAC,0,001-49836743,NICNAT DIRECT INC,WANDER JOSEPH,WANDER JOSEPH,1,CARTON,EFFETS PERSONNELS,MIAMI - FL,MIAMI - FL,PORT-AU-PRINCE,USA,USA,NORTH AMERICA,NA_SOUTH ATLANTIC,AA 949,AIR TRANSPORT,AMERICAN AIRLINES,AIR,1,0,1,23
35826,AAL_AR_05-18-2021-1-1,5/18/2021,VRAC,VRAC,VRAC,VRAC,0,001-48380522,SOFRAI,VENTE ET FABRIC DE MATERIAUX SA,VENTE ET FABRIC DE MATERIAUX SA,1,CARTON,CONSOLIDATION,MIAMI - FL,MIAMI - FL,PORT-AU-PRINCE,USA,USA,NORTH AMERICA,NA_SOUTH ATLANTIC,AA949,AIR TRANSPORT,AMERICAN AIRLINES,AIR,1,0,1,4
35471,BCS_AR_05-19-2021-10-1,5/19/2021,VRAC,VRAC,VRAC,VRAC,0,175-21744730,SANDRO PIERRE,JEAN WYLNORD MARTINEZ LABRANCHE,JEAN WYLNORD MARTINEZ LABRANCHE,3,CARTON,EFFETS PERSONNELS,MIAMI - FL,MIAMI - FL,PORT-AU-PRINCE,USA,USA,NORTH AMERICA,NA_SOUTH ATLANTIC,CSQ750,AIR TRANSPORT,BORDERLINE CARGO SERVICE,AIR,1,0,1,21
35331,AAL_AR_05-20-2021-1-1,5/20/2021,VRAC,VRAC,VRAC,VRAC,0,001-49497604,HAITI LIBERTE,ANNESEAU BISSAINTHE,ANNESEAU BISSAINTHE,1,CARTON,PAPIER JOURNAL,MIAMI - FL,MIAMI - FL,PORT-AU-PRINCE,USA,USA,NORTH AMERICA,NA_SOUTH ATLANTIC,AA 949,AIR TRANSPORT,AMERICAN AIRLINES,AIR,1,0,1,22
34334,AME_AR_05-21-2021-10-1,5/21/2021,VRAC,VRAC,VRAC,VRAC,0,810-40993665,ED HOYS INTERNATIONAL,GEORGES CELCIS,GEORGES CELCIS,1,PALETTE,EFFETS PERSONNELS,MIAMI - FL,MIAMI - FL,PORT-AU-PRINCE,USA,USA,NORTH AMERICA,NA_SOUTH ATLANTIC,8539/0001,AIR TRANSPORT,AMERIJET,AIR,1,0,1,184
34117,AAL_AR_05-22-2021_01-1-1,5/22/2021,VRAC,VRAC,VRAC,VRAC,0,001-49778853,LOVIKTA LOGISTICS LTD,MAS AKANSYEL SA,MAS AKANSYEL SA,7,CARTON,TISSUS ET ETOFFES POUR INDUSTRIE TEXTILE,MIAMI - FL,MIAMI - FL,PORT-AU-PRINCE,USA,USA,NORTH AMERICA,NA_SOUTH ATLANTIC,AA 2928,AIR TRANSPORT,AMERICAN AIRLINES,AIR,1,0,1,128
33756,SBD_05-23-2021-89-1,5/23/2021,VRAC,VRAC,VRAC,VRAC,0,6602096A,INTERAMERICANA TRADING CORP,CARIBE MOTORS SA,CARIBE MOTORS SA,10,VEHICULE AUTOMOBILE,VOITURE NEUVE,MIAMI - FL,MIAMI - FL,LAFITO,USA,USA,NORTH AMERICA,NA_SOUTH ATLANTIC,2S,INGRID,SEABOARD MARINE,SEA,1,0,1,24185
33548,AAL_AR_05-24-2021-1-1,5/24/2021,VRAC,VRAC,VRAC,VRAC,0,001-51164201,AMERICAN AIRLINES,AMERICAN AIRLINES,AMERICAN AIRLINES,1,CARTON,PIECES D'AVION,MIAMI - FL,MIAMI - FL,PORT-AU-PRINCE,USA,USA,NORTH AMERICA,NA_SOUTH ATLANTIC,AA 2928,AIR TRANSPORT,AMERICAN AIRLINES,AIR,1,0,1,163
32965,AAL_AR_05-25-2021-1-1,5/25/2021,VRAC,VRAC,VRAC,VRAC,0,319-01460782,MARYUS HEALTHCARE PVT,DISPROPHAR SA,DISPROPHAR SA,20,CARTON,PREPARATIONS ET ARTICLES PHARMACEUTIQUES,MIAMI - FL,MIAMI - FL,PORT-AU-PRINCE,USA,USA,NORTH AMERICA,NA_SOUTH ATLANTIC,AA 949,AIR TRANSPORT,AMERICAN AIRLINES,AIR,1,0,1,145
32839,AAL_AR_05-26-2021-1-1,5/26/2021,VRAC,VRAC,VRAC,VRAC,0,001-49976850,CINGDAO HIGHTOP,DR JUDE LEANDRE,DR JUDE LEANDRE,12,CARTON,REACTIF DE DIAGNOSTIC OU DE LABORATOIRE,MIAMI - FL,MIAMI - FL,PORT-AU-PRINCE,USA,USA,NORTH AMERICA,NA_SOUTH ATLANTIC,AA949,AIR TRANSPORT,AMERICAN AIRLINES,AIR,1,0,1,105
32746,AAL_AR_05-27-2021-1-1,5/27/2021,VRAC,VRAC,VRAC,VRAC,0,001-42796364,HOTBRAY LTD,CARIBE MOTORS SA,CARIBE MOTORS SA,3,CARTON,"PARTIES, PIECES DE RECHANGE POUR MOTEUR",MIAMI - FL,MIAMI - FL,PORT-AU-PRINCE,USA,USA,NORTH AMERICA,NA_SOUTH ATLANTIC,AA949,AIR TRANSPORT,AMERICAN AIRLINES,AIR,1,0,1,92
31810,AAL_AR_05-28-2021-1-1,5/28/2021,VRAC,VRAC,VRAC,VRAC,0,001-50138491,ANNDEX,ANNDEX,ANNDEX,3,CARTON,CONSOLIDATION,MIAMI - FL,MIAMI - FL,PORT-AU-PRINCE,USA,USA,NORTH AMERICA,NA_SOUTH ATLANTIC,AA 949,AIR TRANSPORT,AMERICAN AIRLINES,AIR,1,0,1,60
31091,AHE_AR_05-29-2021-10-1,5/29/2021,VRAC,VRAC,VRAC,VRAC,0,000 43507,EMEX INC,EMEX SA,EMEX SA,21,CARTON,FOURNITURES SCOLAIRES ET DE BUREAU,MIAMI - FL,MIAMI - FL,PORT-AU-PRINCE,USA,USA,NORTH AMERICA,NA_SOUTH ATLANTIC,1003,AIR TRANSPORT,AIR HAITI EXPRESS,AIR,1,0,1,1556
30798,AGE_05-30-2021-1-1,5/30/2021,VRAC,VRAC,VRAC,VRAC,0,MOLU18002161967,SUMITOMO CORPORATION POWER MOBILITY,UNIBANK SA,COMPAGNIE HAITIENNE DE MOTEURS,1,VEHICULE AUTOMOBILE,VOITURE SUV NEUVE,KOBE,KOBE,PORT-AU-PRINCE,JAPAN,JAPAN,ASIA,EAST ASIA,130E,EASTERN HIGHWAY,AGENCE MARITIMES REUNIES,SEA,1,0,1,1560
30008,AAL_AR_05-31-2021-1-1,5/31/2021,VRAC,VRAC,VRAC,VRAC,0,001-44770121,DERMALOG IDENTIFICATION SYSTEMS GMB,OFFICE NATIONAL D'IDENTIFICATION,OFFICE NATIONAL D'IDENTIFICATION,2,CARTON,"ACCESSOIRE INFORMATIQUES, ELECTRONIQUES ET PARTIES",MIAMI - FL,MIAMI - FL,PORT-AU-PRINCE,USA,USA,NORTH AMERICA,NA_SOUTH ATLANTIC,AA949,AIR TRANSPORT,AMERICAN AIRLINES,AIR,1,0,1,26
29284,AAL_AR_06-01-2021-1-1,6/1/2021,VRAC,VRAC,VRAC,VRAC,0,001-49036083,HENRICH AND CIA LTDA,KHIANI SA,KHIANI SA,15,CARTON,VETEMENTS ET ACCESSOIRES DE VETEMENTS POUR FEMME,MIAMI - FL,MIAMI - FL,PORT-AU-PRINCE,USA,USA,NORTH AMERICA,NA_SOUTH ATLANTIC,AA 2928,AIR TRANSPORT,AMERICAN AIRLINES,AIR,1,0,1,146
28964,AAL_AR_06-02-2021-1-1,6/2/2021,VRAC,VRAC,VRAC,VRAC,0,001-51663872,Q INTERNATIONAL COURIER LLC,CMS BINUH MINUJUSTH,CMS BINUH MINUJUSTH,1,CARTON,SANG HUMAIN,MIAMI - FL,MIAMI - FL,PORT-AU-PRINCE,USA,USA,NORTH AMERICA,NA_SOUTH ATLANTIC,AA949,AIR TRANSPORT,AMERICAN AIRLINES,AIR,1,0,1,16
28656,AAL_AR_06-03-2021-1-1,6/3/2021,VRAC,VRAC,VRAC,VRAC,0,001-49778923,LOVIKTA LOGISTICS LTD,MAS AKANSYEL SA,MAS AKANSYEL SA,63,CARTON,TISSUS ET ETOFFES POUR INDUSTRIE TEXTILE,MIAMI - FL,MIAMI - FL,PORT-AU-PRINCE,USA,USA,NORTH AMERICA,NA_SOUTH ATLANTIC,AA949,AIR TRANSPORT,AMERICAN AIRLINES,AIR,1,0,1,1499
27864,AAL_AR_06-04-2021-1-1,6/4/2021,VRAC,VRAC,VRAC,VRAC,0,001-51516566,PARTNERS IN HEALTH,ZANMI LASANTE,ZANMI LASANTE,4,CARTON,AIDES HUMANITAIRES DIVERSES,MIAMI - FL,MIAMI - FL,PORT-AU-PRINCE,USA,USA,NORTH AMERICA,NA_SOUTH ATLANTIC,AA 949,AIR TRANSPORT,AMERICAN AIRLINES,AIR,1,0,1,519
27470,ANT_06-05-2021-0-1,6/5/2021,CTN,40HC,IEOU4052555,DRY,2,2030100372,QST DOMINICANA LLC,MBI HAITI SA,CHATELAIN CARGO SERVICES SA,1005,PIECES,TISSUS ET ETOFFES POUR INDUSTRIE TEXTILE,RIO HAINA,RIO HAINA,PORT-AU-PRINCE,DOMINICAN REPUBLIC,DOMINICAN REPUBLIC,CARIBBEAN,CARIBBEAN,1021N,K STORM,ANTILLEAN MARINE SHIPPING CORP,SEA,1,1,0,13050
27362,AAL_AR_06-06-2021-1-1,6/6/2021,VRAC,VRAC,VRAC,VRAC,0,001-32353624,SOVEREIGN LOGISTICS,BROKERAGE LOGISTICS TRADE SA,BROKERAGE LOGISTICS TRADE SA,10,CARTON,CONSOLIDATION,MIAMI - FL,MIAMI - FL,PORT-AU-PRINCE,USA,USA,NORTH AMERICA,NA_SOUTH ATLANTIC,AA949,AIR TRANSPORT,AMERICAN AIRLINES,AIR,0,0,1,0
27115,AAL_AR_06-07-2021-1-1,6/7/2021,VRAC,VRAC,VRAC,VRAC,0,001-48380511,SOFRAI,V&F CONSTRUCTION SA,V&F CONSTRUCTION SA,1,CARTON,CONSOLIDATION,MIAMI - FL,MIAMI - FL,PORT-AU-PRINCE,USA,USA,NORTH AMERICA,NA_SOUTH ATLANTIC,AA1082,AIR TRANSPORT,AMERICAN AIRLINES,AIR,1,0,1,18
26702,AGE_06-08-2021-1-1,6/8/2021,VRAC,VRAC,VRAC,VRAC,0,1954HAIT-001,PUTNAM LUMBER AND EXPORT CO,LE FLAMENGO IMPORT EXPORT SA,LE FLAMENGO IMPORT EXPORT SA,792,"PAQUET, COLIS",BOIS DE CHARPENTE,PORT ALABAMA - AL,PORT ALABAMA - AL,PORT-AU-PRINCE,USA,USA,NORTH AMERICA,NA_EAST SOUTH CENTRAL,OCC1954,OSLO BULK 5,AGENCE MARITIMES REUNIES,SEA,1,0,1,1137009
26368,AAL_AR_06-09-2021_01_02-1-1,6/9/2021,VRAC,VRAC,VRAC,VRAC,0,001-47746871,SANOFI PASTEUR,IMEDIS,IMEDIS,11,CARTON,MEDICAMENTS,MIAMI - FL,MIAMI - FL,PORT-AU-PRINCE,USA,USA,NORTH AMERICA,NA_SOUTH ATLANTIC,AA 949,AIR TRANSPORT,AMERICAN AIRLINES,AIR,1,0,1,230
25670,AAL_AR_06-10-2021-1-1,6/10/2021,VRAC,VRAC,VRAC,VRAC,0,001-49497674,HAITI LIBERTE,ANNESEAU BISSAINTHE,ANNESEAU BISSAINTHE,1,CARTON,PAPIER JOURNAL,MIAMI - FL,MIAMI - FL,PORT-AU-PRINCE,USA,USA,NORTH AMERICA,NA_SOUTH ATLANTIC,AA 949,AIR TRANSPORT,AMERICAN AIRLINES,AIR,1,0,1,22
25564,AAL_AR_06-11-2021_02-1-1,6/11/2021,VRAC,VRAC,VRAC,VRAC,0,001-52156230,DEY AIRFREIGHT INC,BRASSERIE DE LA COURONNE SA,BRASSERIE DE LA COURONNE SA,2,CARTON,PIECES ET PARTIES MECANIQUES,MIAMI - FL,MIAMI - FL,PORT-AU-PRINCE,USA,USA,NORTH AMERICA,NA_SOUTH ATLANTIC,AA1082,AIR TRANSPORT,AMERICAN AIRLINES,AIR,1,0,1,131
25388,AAL_AR_06-12-2021-1-1,6/12/2021,VRAC,VRAC,VRAC,VRAC,0,001-51638764,CALCADOS VICENZA LTDA,KHIANI SA,KHIANI SA,22,CARTON,VETEMENTS ET ACCESSOIRES DE VETEMENTS POUR FEMME,MIAMI - FL,MIAMI - FL,PORT-AU-PRINCE,USA,USA,NORTH AMERICA,NA_SOUTH ATLANTIC,AA 1082,AIR TRANSPORT,AMERICAN AIRLINES,AIR,1,0,1,157
25188,DEM_06-13-2021-100-1,6/13/2021,VRAC,VRAC,VRAC,VRAC,0,HOEGQ831JAPR000,CAS AUTO LLC,UNITED SHIPPING LOGISTICS USL,UNITED SHIPPING LOGISTICS USL,3,VEHICULE AUTOMOBILE,VOITURE SUV NEUVE,MIAMI - FL,MANZANILLO - PA,PORT-AU-PRINCE,USA,PANAMA,NORTH AMERICA,NA_SOUTH ATLANTIC,109,HOGH BEIJING,DEMSA,SEA,1,0,1,6819
24873,AAL_AR_06-14-2021-1-1,6/14/2021,VRAC,VRAC,VRAC,VRAC,0,001-51394490,BOEHRINGER INGELHEIM MEXICO,COMMERCE SA,COMMERCE SA,8,CARTON,PREPARATIONS ET ARTICLES PHARMACEUTIQUES,MIAMI - FL,MIAMI - FL,PORT-AU-PRINCE,USA,USA,NORTH AMERICA,NA_SOUTH ATLANTIC,AA1082,AIR TRANSPORT,AMERICAN AIRLINES,AIR,1,0,1,24
24314,AAL_AR_06-15-2021-1-1,6/15/2021,VRAC,VRAC,VRAC,VRAC,0,001-45359510,E CHEN TEXTILES CO LTD,EVEREST APPAREL,EVEREST APPAREL,41,CARTON,TISSUS ET ETOFFES POUR INDUSTRIE TEXTILE,MIAMI - FL,MIAMI - FL,PORT-AU-PRINCE,USA,USA,NORTH AMERICA,NA_SOUTH ATLANTIC,AA949,AIR TRANSPORT,AMERICAN AIRLINES,AIR,1,0,1,840
23890,AAL_AR_06-16-2021-1-1,6/16/2021,VRAC,VRAC,VRAC,VRAC,0,001-49919074,ELEVANCA CORP,REPRESENTANT DE L'OPS/OMS EN HAITI,REPRESENTANT DE L'OPS/OMS EN HAITI,5,CARTON,MATERIEL POUR MEDECINE ET LABORATOIRE,MIAMI - FL,MIAMI - FL,PORT-AU-PRINCE,USA,USA,NORTH AMERICA,NA_SOUTH ATLANTIC,AA949,AIR TRANSPORT,AMERICAN AIRLINES,AIR,1,0,1,743
23478,AAL_AR_06-17-2021-1-1,6/17/2021,VRAC,VRAC,VRAC,VRAC,0,001-48502344,DSV AIR & SEA INC,LES ENTREPRISES COMMERCIALES JOSEPH NADAL SA,LES ENTREPRISES COMMERCIALES JOSEPH NADAL SA,1,CARTON,CONSOLIDATION,MIAMI - FL,MIAMI - FL,PORT-AU-PRINCE,USA,USA,NORTH AMERICA,NA_SOUTH ATLANTIC,AA949,AIR TRANSPORT,AMERICAN AIRLINES,AIR,1,0,1,17
22571,AAL_AR_06-18-2021-1-1,6/18/2021,VRAC,VRAC,VRAC,VRAC,0,001-45890526,JACOB FLEISHMAN,ELECTRICITE D'HAITI (EDH),ELECTRICITE D'HAITI (EDH),3,CARTON,PIECES ET PARTIES MECANIQUES,MIAMI - FL,MIAMI - FL,PORT-AU-PRINCE,USA,USA,NORTH AMERICA,NA_SOUTH ATLANTIC,AA949,AIR TRANSPORT,AMERICAN AIRLINES,AIR,1,0,1,801
21505,AAL_AR_06-19-2021-1-1,6/19/2021,VRAC,VRAC,VRAC,VRAC,0,001-49036050,HENRICH AND CIA LTDA,KHIANI SA,KHIANI SA,5,CARTON,CHAUSSURES NEUVES,MIAMI - FL,MIAMI - FL,PORT-AU-PRINCE,USA,USA,NORTH AMERICA,NA_SOUTH ATLANTIC,AA949,AIR TRANSPORT,AMERICAN AIRLINES,AIR,1,0,1,50
21085,AGE_06-20-2021-0-1,6/20/2021,VRAC,VRAC,VRAC,VRAC,0,1,SUPREME RICE LLC,RICECO SA,RICECO SA,1,VRAC,RIZ,NEW ORLEANS - LA,NEW ORLEANS - LA,PORT-AU-PRINCE,USA,USA,NORTH AMERICA,NA_WEST SOUTH CENTRAL,130,ALETHINI,AGENCE MARITIMES REUNIES,SEA,1,0,1,8252163
20776,AAL_AR_06-21-2021-1-1,6/21/2021,VRAC,VRAC,VRAC,VRAC,0,001-34747646,KONBIT HAITI,DANILO CYRIUS,DANILO CYRIUS,13,CARTON,EFFETS PERSONNELS,MIAMI - FL,MIAMI - FL,PORT-AU-PRINCE,USA,USA,NORTH AMERICA,NA_SOUTH ATLANTIC,AA1082,AIR TRANSPORT,AMERICAN AIRLINES,AIR,1,0,1,176
20374,AAL_AR_06-22-2021-1-1,6/22/2021,VRAC,VRAC,VRAC,VRAC,0,001-51514735,INVERSIONES GLASSTECO SA,PALAIS NATIONAL,PALAIS NATIONAL,11,CARTON,PIECES D'AUTO,MIAMI - FL,MIAMI - FL,PORT-AU-PRINCE,USA,USA,NORTH AMERICA,NA_SOUTH ATLANTIC,AA949,AIR TRANSPORT,AMERICAN AIRLINES,AIR,1,0,1,2041
20304,AAL_AR_06-23-2021-1-1,6/23/2021,VRAC,VRAC,VRAC,VRAC,0,001-49851432,ECLAT TEXTILE CO LTD,MAS AKANSYEL SA,MAS AKANSYEL SA,41,CARTON,TISSUS ET ETOFFES POUR INDUSTRIE TEXTILE,MIAMI - FL,MIAMI - FL,PORT-AU-PRINCE,USA,USA,NORTH AMERICA,NA_SOUTH ATLANTIC,AA949,AIR TRANSPORT,AMERICAN AIRLINES,AIR,1,0,1,710
20129,AAL_AR_06-24-2021-1-1,6/24/2021,VRAC,VRAC,VRAC,VRAC,0,001-49497696,HAITI LIBERTE,ANNESEAU BISSAINTHE,ANNESEAU BISSAINTHE,2,CARTON,PAPIER JOURNAL,MIAMI - FL,MIAMI - FL,PORT-AU-PRINCE,USA,USA,NORTH AMERICA,NA_SOUTH ATLANTIC,AA949,AIR TRANSPORT,AMERICAN AIRLINES,AIR,1,0,1,28
19955,AAL_AR_06-25-2021_01-1-1,6/25/2021,VRAC,VRAC,VRAC,VRAC,0,001-52156160,DEY AIRFREIGHT INC,BRASSERIE DE LA COURONNE SA,BRASSERIE DE LA COURONNE SA,1,CARTON,PIECES ET PARTIES MECANIQUES,MIAMI - FL,MIAMI - FL,PORT-AU-PRINCE,USA,USA,NORTH AMERICA,NA_SOUTH ATLANTIC,AA1082,AIR TRANSPORT,AMERICAN AIRLINES,AIR,1,0,1,1
19609,AAL_AR_06-26-2021-1-1,6/26/2021,VRAC,VRAC,VRAC,VRAC,0,001-31915634,HEINZ HERENZ MEDIZINALBEDRAF GMBH,HOSPITAL MEDICAL SUPPLIES SA,HOSPITAL MEDICAL SUPPLIES SA,3,CARTON,MATERIEL POUR MEDECINE ET LABORATOIRE,MIAMI - FL,MIAMI - FL,PORT-AU-PRINCE,USA,USA,NORTH AMERICA,NA_SOUTH ATLANTIC,AA949,AIR TRANSPORT,AMERICAN AIRLINES,AIR,1,0,1,340
18991,AAL_AR_06-27-2021-1-1,6/27/2021,VRAC,VRAC,VRAC,VRAC,0,001-52797861,AMERICAN AIRLINES,AMERICAN AIRLINES,AMERICAN AIRLINES,1,CARTON,PIECES D'AVION,MIAMI - FL,MIAMI - FL,PORT-AU-PRINCE,USA,USA,NORTH AMERICA,NA_SOUTH ATLANTIC,AA949,AIR TRANSPORT,AMERICAN AIRLINES,AIR,1,0,1,1
18132,AAL_AR_06-28-2021-1-1,6/28/2021,VRAC,VRAC,VRAC,VRAC,0,001-52368396,BOEHRINGER INGELHEIM MEXICO,COMMERCE SA,COMMERCE SA,1,CARTON,PREPARATIONS ET ARTICLES PHARMACEUTIQUES,MIAMI - FL,MIAMI - FL,PORT-AU-PRINCE,USA,USA,NORTH AMERICA,NA_SOUTH ATLANTIC,AA1082,AIR TRANSPORT,AMERICAN AIRLINES,AIR,1,0,1,1
17697,AAL_AR_06-29-2021-1-1,6/29/2021,VRAC,VRAC,VRAC,VRAC,0,001-81588371,ABBOTT MOLECULAR INC,USAID HAITI,USAID HAITI,15,CARTON,REACTIF DE DIAGNOSTIC OU DE LABORATOIRE,MIAMI - FL,MIAMI - FL,PORT-AU-PRINCE,USA,USA,NORTH AMERICA,NA_SOUTH ATLANTIC,AA949,AIR TRANSPORT,AMERICAN AIRLINES,AIR,1,0,1,2446
17561,AGE_06-30-2021-1-1,6/30/2021,VRAC,VRAC,VRAC,VRAC,0,MOLU18002188377,SUZUKI INDOMOBIL MOTOR,INTERAMERICANA TRADING CORPORATION,CARIBE MOTORS SA,5,VEHICULE AUTOMOBILE,VOITURE SUV NEUVE,YOKOHAMA,JAKARTA,PORT-AU-PRINCE,JAPAN,INDONESIA,ASIA,EAST ASIA,068E,SIRIUS LEADER,AGENCE MARITIMES REUNIES,SEA,1,0,1,5900
17422,ANT_07-01-2021-0-1,7/1/2021,CTN,20GP,HYBU3000940,DRY,1,1030133209,ALCALA INTERNATIONAL INC,AGEMAR SA,AGEMAR SA,1, PIECE,EFFETS PERSONNELS,MIAMI - FL,MIAMI - FL,PORT-AU-PRINCE,USA,USA,NORTH AMERICA,NA_SOUTH ATLANTIC,024S,CAMPECHE BAY,ANTILLEAN MARINE SHIPPING CORP,SEA,1,1,0,2930
17420,SLD_07-02-2021-4-1,7/2/2021,CTN,20GP,TCLU1932379,DRY,1,912633086,PIER 17 GROUP,AGEMAR SA,AGEMAR SA,87, CARTON,CONSOLIDATION,RIO HAINA,PORT-AU-PRINCE,PORT-AU-PRINCE,DOMINICAN REPUBLIC,HAITI,CARIBBEAN,CARIBBEAN,125N,TUCANA J,SEALAND,SEA,1,1,0,5426
17419,EVE_07-03-2021_01_01-166-1,7/3/2021,CTN,20GP,EITU3104173,DRY,1,2.36E+11,KUKBO EXPRESS VIETNAM CO LTD,HANSAE HAITI SA,AGEMAR SA,328, DIFFEREN T,TISSUS ET ETOFFES POUR INDUSTRIE TEXTILE,HAIPHONG,COLON,PORT-AU-PRINCE,VIETNAM,PANAMA,ASIA,SOUTHEAST ASIA,183N,LOUISIANA TRADER,EVERGREEN,SEA,1,1,0,11387
17216,SBD_07-04-2021-76-1,7/4/2021,CTN,20GP,SMLU3130978,DRY,1,6659671A,SEMO MILLING LLC,CARIBBEAN FOOD MANUFACTURING SA,CARIBBEAN FOOD MANUFACTURING SA,8000, SACHET,SEMOULE DE MAIS,MIAMI - FL,MIAMI - FL,LAFITO,USA,USA,NORTH AMERICA,NA_SOUTH ATLANTIC,8S,INGRID,SEABOARD MARINE,SEA,0,1,0,0
8533,TSA_LF_07-05-2021-1-1,7/5/2021,VRAC,VRAC,VRAC,VRAC,0,1956LAFI-001,GULF TRADING LLC,ACIERIE D'HAITI SA,ACIERIE D'HAITI SA,119, DIFFEREN T,BOIS DE CHARPENTE,PORT ALABAMA - AL,PORT ALABAMA - AL,LAFITO,USA,USA,NORTH AMERICA,NA_EAST SOUTH CENTRAL,OCC1956,M/V SEA STEAMER,THEBAUD STEAMSHIP AGENT,SEA,1,0,1,204117
17466,MOS_06-07-2021-1-1,7/6/2021,VRAC,VRAC,VRAC,VRAC,0,B/L NO. 1,SONMEZ CIMENTO YAPI VE MADENCILIK SAN TIC AS,CEMEX HAITI SA,CEMEX HAITI SA,188400,SAC EN PAPIER,"CIMENTS PULVERISES OU NON,PORTLAND,ALUMINEUX ET AUTRES",ISKENDERUN,ISKENDERUN,CAP-HAITIEN,TURKEY,TURKEY,EUROPE,SOUTHEASTERN EUROPE,21/04,PETRA,MO SERVICE MARITIME,SEA,1,0,1,8007000
8022,HSS_07-07-2021-1-1,7/7/2021,VRAC,VRAC,VRAC,VRAC,0,1,SONMEZ CIMENTO YAPI VE MADENCILIK SAN TIC AS,CIMENTERIE NATIONALE SEM,CIMENTERIE NATIONALE SEM,1, VRAC,CLINKER,ISTANBUL,ISTANBUL,FOND MONBIN,TURKEY,TURKEY,EUROPE,SOUTHEASTERN EUROPE,73,MV LENI SELMER,LES ENTREPRISES HAITI SHIPPING,SEA,1,0,1,27500000
17454,PSG_07-08-2021-44-1,7/8/2021,CTN,20GP,TRHU3869722,DRY,1,SEL1141240,AGL CO LTD,MAS AKANSYEL SA,ACS HAITI,57, PIECE,TISSUS ET ETOFFES POUR INDUSTRIE TEXTILE,KINGSTON,KINGSTON,CAP-HAITIEN,JAMAICA,JAMAICA,CARIBBEAN,CARIBBEAN,0AG6PS1MA,NADJA,PRESTIGE SHIP SERVICES SA,SEA,1,1,0,942
16025,SLD_07-09-2021-2-1,7/9/2021,CTN,20GP,SUDU1730810,DRY,1,830218593,ECU WORLDWIDE,ETS JB VITAL SA,ETS JB VITAL SA,30, CARTON,PIECES D'AUTO,PORT EVERGLADES - FL,PORT-AU-PRINCE,PORT-AU-PRINCE,USA,HAITI,NORTH AMERICA,NA_SOUTH ATLANTIC,126N,TUCANA J,SEALAND,SEA,1,1,0,3888
17330,MSC_07-10-2021-146-1,7/10/2021,CTN,20GP,XINU1416122,DRY,1,MEDUU1560306,FAMA SHIPPING INC,AGRI SUPPLY CO,AGRI SUPPLY CO,580, PARTIES DE COLIS,"GRAINES, FRUITS ET SPORES A ENSEMENCER",LONG BEACH - CA,CAUCEDO,PORT-AU-PRINCE,USA,DOMINICAN REPUBLIC,NORTH AMERICA,NA_PACIFIC,PD126A,MSC ABIGAIL F,MEDITERRANEAN SHIPPING CO,SEA,0,0,0,0
17248,PSG_07-11-2021-9-1,7/11/2021,CTN,20GP,357137-9,DRY,1,CAPH-188690,FEQUIERE PIERRE,BENETTE CHERIBIN,BENETTE CHERIBIN,1, DIFFEREN T,EFFETS PERSONNELS,MIAMI - FL,MIAMI - FL,CAP-HAITIEN,USA,USA,NORTH AMERICA,NA_SOUTH ATLANTIC,165S,MONARCH COUNTESS,PRESTIGE SHIP SERVICES SA,SEA,1,1,0,12985
17465,COS_07-12-2021-96-1,7/12/2021,CTN,20GP,CSNU1453819,DRY,1,COSU6306111910,ARC MANUFACTURING LIMITED,ISLAND DISTRIBUTION SA,A ZIBARA,3090, CARTON,"CLOU,PUNAISEAVEC OU SANS TETE",MANZANILLO - PA,MANZANILLO - PA,PORT-AU-PRINCE,PANAMA,PANAMA,CENTRAL AMERICA,CENTRAL AMERICA,051E,WARNOW BELUGA,COSCO SHIPPING,SEA,0,1,0,0
17284,ZIM_07-13-2021-7-1,7/13/2021,CTN,20GP,ZIMU1309518,DRY,1,ZIMUGZH0135671,GUANGZHOU DONGXU AUTOMOBILE GLASS,ANNACIUS BISNER,ANNACIUS BISNER,36, CARTON,"VITRE POUR VOITURE,CAMION ET SIMILAIRES",NANSHA,KINGSTON,PORT-AU-PRINCE,CHINA,JAMAICA,ASIA,EAST ASIA,51EWARNOWBCPS,WARNOW BELUGA,ZIM LINES,SEA,1,1,0,6050
15760,ANT_07-14-2021-97-1,7/14/2021,CTN,20GP,AMLU2050191,DRY,1,1030133341,PARADISE COSMETICS,A&D IMPORT EXPORT,NOT AVAILABLE,907, PIECE,MARCHANDISE GENERALE,MIAMI - FL,MIAMI - FL,PORT-AU-PRINCE,USA,USA,NORTH AMERICA,NA_SOUTH ATLANTIC,764S,SARA EXPRESS,ANTILLEAN MARINE SHIPPING CORP,SEA,1,1,0,14969
17463,CMA_LF_07-15-2021-47-1,7/15/2021,CTN,20GP,GLDU5283394,DRY,1,TSCM103836,EUROMETAL SERVICE NV,ACIERIE D'HAITI SA,ACIERIE D'HAITI SA,72, PIECE,"FEUILLE, BANDE ET TOLE EN ACIER OU AUTRE MATIERE",TIANJIN,KINGSTON,LAFITO,CHINA,JAMAICA,ASIA,EAST ASIA,0NG5TE1MA,CMA CGM VENTANIA,CMA/CGM,SEA,0,1,0,0
17453,CMA_LF_07-16-2021-113-1,7/16/2021,CTN,20GP,CMAU0538773,DRY,1,SSZ0887644,LIGHTHOUSE LOGISTICA LTDA,ADEKO ENTREPRISES SA,ADEKO ENTREPRISES SA,72, PALETTE,"CARREAU, DALLE DE REVETEMENT, EN CERAMIQUE, MOSAIQUE, PORCELAINE",NAVEGANTES,KINGSTON,LAFITO,BRAZIL,JAMAICA,SOUTH AMERICA,SOUTH AMERICA,0HK29S1MA,MATHILDE SCHULTE,CMA/CGM,SEA,0,1,0,0
17455,KOC_CH_07-17-2021-38-1,7/17/2021,CTN,20GP,KOSU-220450-5,DRY,1,PEVCAP07762,TECH CARGO,MAS AKANSYEL SA,ACS HAITI,627, DIFFEREN T,TISSUS ET ETOFFES POUR INDUSTRIE TEXTILE,PORT EVERGLADES - FL,PORT EVERGLADES - FL,CAP-HAITIEN,USA,USA,NORTH AMERICA,NA_SOUTH ATLANTIC,175S,DELPHINUS,KING OCEAN SERVICES,SEA,0,1,0,0
10454,APA_07-18-2021-152-1,7/18/2021,VRAC,VRAC,VRAC,VRAC,0,028 66140,RENAND SAINT JULIEN,ABNOUCE JOSEPH,ACCORDIA SHIPPING,1, VEHICULE AUTOMOB ILE,VOITURE PICK-UP D'OCCASION,MIAMI - FL,MIAMI - FL,ST MARC,USA,USA,NORTH AMERICA,NA_SOUTH ATLANTIC,28,MV MIDAS,AJ PLUS AGENCE MARITIME,SEA,1,0,1,2500
17288,ZIM_07-19-2021-46-1,7/19/2021,CTN,20GP,TCKU3959221,DRY,1,ZIMUSNH1345073,SHANGHAI WELLMAX LIGHTING,ANKA SA,ANKA SA,1000, CARTON,"LAMPE ET TUBE A INCANDESCENCE,PHARE ET PROJECTEUR SCELLE",SHANGHAI,KINGSTON,PORT-AU-PRINCE,CHINA,JAMAICA,ASIA,EAST ASIA,21014SORINOCOCPS,ORINOCO,ZIM LINES,SEA,1,1,0,6900
17435,CMA_LF_07-20-2021-51-1,7/20/2021,CTN,20GP,TEMU1029154,DRY,1,SSZ0918577,LIGHTHOUSE LOGISTICA LTDA,ADEKO ENTREPRISES SA,ADEKO ENTREPRISES SA,128, PALETTE,"CARREAU, DALLE DE REVETEMENT, EN CERAMIQUE, MOSAIQUE, PORCELAINE",SANTOS,KINGSTON,LAFITO,BRAZIL,JAMAICA,SOUTH AMERICA,SOUTH AMERICA,0RU49R1MA,BF LETICIA,CMA/CGM,SEA,1,1,0,213475
17254,HAM_07-21-2021-16-1,7/21/2021,CTN,20GP,TEMU2622781,DRY,1,SUDUN1420B1AZ053,TOYOTA TSUSHO CORPORATION,SOGEBANK SA,AUTOMECA,66, DIFFEREN T,PIECES D'AUTO,YOKOHAMA,MANZANILLO - PA,PORT-AU-PRINCE,JAPAN,PANAMA,ASIA,EAST ASIA,185NSUD,LOUISIANA TRADER,HAMBURG SUD NORTH AMERICA INC,SEA,1,1,0,5477
17405,PSG_07-22-2021-31-1,7/22/2021,CTN,20GP,CMAU0931348,DRY,1,CNUW020871,SAMSUNG SDS CO LTD,S&H GLOBAL SA,AGEMAR SA,298, PIECE,TISSUS ET ETOFFES POUR INDUSTRIE TEXTILE,KINGSTON,KINGSTON,CAP-HAITIEN,JAMAICA,JAMAICA,CARIBBEAN,CARIBBEAN,0RU49R1MA,BF LETICIA,PRESTIGE SHIP SERVICES SA,SEA,1,1,0,6558
17423,KOC_07-23-2021-25-1,7/23/2021,CTN,20GP,KOSU-220951-2,DRY,1,PEVPAP06487,MARTAINER INC,ADEKO ENTREPRISES SA,ADEKO ENTREPRISES SA,31, DIFFEREN T,EFFETS PERSONNELS,PORT EVERGLADES - FL,PORT EVERGLADES - FL,PORT-AU-PRINCE,USA,USA,NORTH AMERICA,NA_SOUTH ATLANTIC,176S,DELPHINUS,KING OCEAN SERVICES,SEA,0,0,0,0
17416,EVE_07-24-2021-110-1,7/24/2021,CTN,20GP,EISU2066413,DRY,1,1.49E+11,SINOBO INTL LOGISTICS CO LTD,HANSAE HAITI SA,AGEMAR SA,1115, DIFFEREN T,TISSUS ET ETOFFES POUR INDUSTRIE TEXTILE,HONG KONG,COLON,PORT-AU-PRINCE,CHINA,PANAMA,ASIA,EAST ASIA,185N,LOUISIANA TRADER,EVERGREEN,SEA,0,1,0,0
17232,SBD_07-25-2021-102-1,7/25/2021,CTN,20GP,SMLU3130690,DRY,1,6696724A,UNIVERSAL TRADING & ENGENEERING,BRASSERIE DE LA COURONNE SA,BRASSERIE DE LA COURONNE SA,11, PALETTE,PIECES ET PARTIES MECANIQUES,MIAMI - FL,MIAMI - FL,LAFITO,USA,USA,NORTH AMERICA,NA_SOUTH ATLANTIC,11S,INGRID,SEABOARD MARINE,SEA,1,1,0,2549
17328,HAP_07-26-2021_01_02-2-1,7/26/2021,CTN,20GP,UACU3662029,DRY,1,HLCUPOS210750150,TRINIDAD REMOVERS & FORWARDERS LTD,EMBASSY OF CANADA,AGS HAITI SA,245, PIECE,EFFETS PERSONNELS,POINT LISAS,KINGSTON,PORT-AU-PRINCE,TRINIDAD AND TOBAGO,JAMAICA,CARIBBEAN,CARIBBEAN,063T,FALMOUTH,HAPAG-LLOYD,SEA,1,1,0,3617
8489,AAL_AR_07-27-2021-4-1,7/27/2021,VRAC,VRAC,VRAC,VRAC,0,001-53630802,AMERICAN AIRLINES,AMERICAN AIRLINES,AMERICAN AIRLINES,1, CARTON,EFFETS PERSONNELS,MIAMI - FL,MIAMI - FL,PORT-AU-PRINCE,USA,USA,NORTH AMERICA,NA_SOUTH ATLANTIC,AA949,AMERICAN AIRLINES,AMERICAN AIRLINES,AIR,1,0,1,3
8401,BCS_AR_07-28-2021-2-1,7/28/2021,VRAC,VRAC,VRAC,VRAC,0,175-21783182,FEDEX EXPRESS,ANNDEX,ANNDEX,1, CARTON,CONSOLIDATION,MIAMI - FL,MIAMI - FL,PORT-AU-PRINCE,USA,USA,NORTH AMERICA,NA_SOUTH ATLANTIC,CSQ750,IBC AIRWAYS INC,BORDERLINE CARGO SERVICE,AIR,1,0,1,5
17320,CMA_LF_07-29-2021-3-1,7/29/2021,CTN,20GP,GLDU5681649,DRY,1,BGA0290652,CI DE AZUCARES Y MIELES SA,AMA TRADERS SA,AMA TRADERS SA,15000, EMBALLA GE EN MATIERE PLASTIQU E,SUCRES,BUENAVENTURA,KINGSTON,LAFITO,COLOMBIA,JAMAICA,SOUTH AMERICA,SOUTH AMERICA,0RU4CR1MA,BF LETICIA,CMA/CGM,SEA,0,1,0,0
17181,SBD_07-30-2021-78-1,7/30/2021,CTN,20GP,SMLU3136404,DRY,1,6655346A,WESTSTAR FOOD CO LLC,CARIBBEAN IMPORT DISTRIBUTION SA,CARIBBEAN IMPORT DISTRIBUTION SA,3520, PIECE,HARICOT,CARTAGENA,RIO HAINA,LAFITO,COLOMBIA,DOMINICAN REPUBLIC,SOUTH AMERICA,SOUTH AMERICA,44S,ARSOS,SEABOARD MARINE,SEA,1,1,0,39917
17403,MSC_07-31-2021-3-1,7/31/2021,CTN,20GP,MEDU6909308,DRY,1,MEDUBA761221,SEMILLAS Y CEREALES SRL,PROGRAMME ALIMENTAIRE MONDIAL (PAM),AGENCE DE SUPERVISION ET DE CONTROLE,6001, PALETTE,RIZ,ZARATE,CAUCEDO,PORT-AU-PRINCE,ARGENTINA,DOMINICAN REPUBLIC,SOUTH AMERICA,SOUTH AMERICA,XA130A,ALLEGRO,MEDITERRANEAN SHIPPING CO,SEA,0,1,0,0
